X03103;N03100;E03102;Q03101;N03056;P03053;G03052;T03130;T03131;T03020;T03017;T03016;T03014;P03010;P03011;P03012;P03013;G03024;G03022;L03026;T03036;T03037;P03030;P03031;P03032;G03042;P03033;P03064;P03065;G03072;G03070;G03071;P03066;T03050;T03051;T03057;T03060;T03081;T03082;T03083;T03084;T03085;T03086;P03000;P03001;G03003;T03004;T03002;P03007;C01901;N03160;C03161;C03165;C03160;C03168;C03166;V03120;G03022;T03121;V03171;V03173;Z03172;Z03170;I03180;F03180;C03170;C03171;V06002;F06004;I06003;Z06003;C03184;C03185;T06018;E06018;V06006;V06007;D06006;E06007;I06007;D06007;I06008;K06008;I06006;E06000
%;rpm;kW;%;krpm;bar;kg/h;degC;degC;degC;degC;degC;degC;bar;bar;bar;bar;ton/h;ton/h;%;degC;degC;bar;bar;bar;ton/h;bar;bar;bar;kg/h;kg/h;kg/h;bar;degC;degC;degC;degC;degC;degC;degC;degC;degC;degC;bar;bar;ton/h;degC;degC;bar;rpm;rpm;%/%;sec;Hz;%/%;%/sec;%;ton/h;degC;V;V;V;%;A;Gauss;V;%/V;V;Hz;A;<-1;V;V;degC;kW;V;V;deg;kW;A;deg;A;<0-1>;A;kW
41.4886;900.4360;407.9740;55.8610;13.8481;0.9500;2073.0700;58.8455;58.8607;82.7378;76.2142;82.9971;35.5906;1.9657;2.5715;1.8589;0.4000;30.7345;4.7498;50.0250;56.9060;49.4688;4.6617;4.0790;3.1230;19.9689;0.9560;9.9675;9.4926;89.2309;323.4540;234.2240;0.4749;75.3671;51.0264;351.6370;314.3110;327.2740;331.5490;333.2260;333.4320;334.9400;334.4480;2.7967;2.1825;57.8779;25.8439;20.0000;0.1858;911.5970;900.4320;23.6000;1.4823;1.7928;0.3000;0.3000;84.5456;4.7498;2.0492;441.1000;440.2040;440.1940;45.4188;20.1783;7633.1400;4.9984;2.5003;440.1940;60.0288;617.6410;0.8172;426.3600;455.8400;43.9129;3.3541;560.0440;175.5190;14.8405;1502.6000;2506.6600;38.1673;1970.7600;0.9000;1239.2600;384.8060
40.7138;900.6150;399.6350;54.7839;13.8585;0.9505;2073.9200;58.8508;58.8661;82.1095;76.6414;82.3631;30.9609;1.9674;2.5738;1.8605;0.4000;30.5932;2.3228;50.0250;56.9307;49.4807;4.6626;4.0799;3.1236;19.9736;0.9562;9.9676;9.4927;88.2653;323.5270;235.2540;0.4747;75.4985;50.3403;351.1440;313.8360;328.2120;332.4860;334.1630;334.3840;335.8670;335.3770;2.7969;2.1826;57.8803;24.5943;20.0000;0.1859;911.5440;900.6050;23.6000;1.4823;1.7928;0.3000;0.3000;92.4074;2.3228;2.7053;441.1000;440.1960;440.2110;44.7682;20.0558;7592.0600;4.9984;2.5003;440.2010;60.0418;603.0570;0.8161;426.3600;455.8400;44.0982;3.2278;557.3590;171.5820;14.5779;1495.3400;2498.9100;38.3054;1960.9400;0.9000;1239.2600;375.2340
40.1418;900.5560;391.3580;54.0073;13.5425;0.9271;2045.2600;58.8351;58.8514;82.5879;78.1628;82.9362;28.9525;1.9676;2.5740;1.8607;0.4000;30.5848;2.5202;50.0234;56.9336;49.4790;4.6626;4.0796;3.1235;19.9746;0.9561;9.9679;9.4932;86.5412;323.5270;236.9610;0.4744;74.3133;50.3765;346.7920;310.6540;326.8150;331.0700;332.7380;332.9480;334.4330;333.9340;2.7968;2.1826;57.8830;24.0504;20.0000;0.1859;911.3560;900.5570;23.6000;1.4823;1.7928;0.3000;0.3000;91.7601;2.5202;2.6421;441.1000;440.1870;440.1570;44.6452;20.0365;7585.9400;4.9984;2.5003;440.1570;60.0386;595.9610;0.8102;426.3600;455.8400;44.1463;3.1232;556.6230;169.3810;14.2957;1493.1000;2496.9700;38.3341;1958.4600;0.9000;1239.2600;368.1150
40.0921;900.4970;390.1500;53.9383;13.4267;0.9186;2034.8100;58.8241;58.8397;82.9026;77.4477;83.2458;32.9198;1.9664;2.5724;1.8596;0.4000;30.6896;4.1989;50.0234;56.9176;49.4683;4.6621;4.0796;3.1233;19.9746;0.9561;9.9679;9.4942;86.2259;323.4990;237.2560;0.4741;73.9783;50.8920;345.6910;309.9540;325.3120;329.5410;331.2260;331.3960;332.9160;332.3810;2.7968;2.1826;57.8830;25.1785;20.0000;0.1859;911.3110;900.4990;23.6000;1.4823;1.7928;0.3000;0.3000;86.3181;4.1989;2.1904;441.1000;440.1870;440.1570;44.6289;20.0332;7584.4900;4.9984;2.5003;440.1570;60.0351;595.0960;0.8099;426.3600;455.8400;44.1799;3.1135;556.4890;169.1220;14.2515;1492.8700;2496.7300;38.3403;1958.2300;0.9000;1239.2600;367.4400
40.3840;900.3700;390.8570;54.3158;13.4008;0.9167;2032.4400;58.8199;58.8320;82.4028;76.5285;82.7073;33.3696;1.9663;2.5723;1.8595;0.4000;30.6586;3.4970;50.0234;56.9013;49.4642;4.6615;4.0791;3.1230;19.9701;0.9559;9.9679;9.4942;86.2718;323.4600;237.1880;0.4738;74.0295;51.2594;345.7530;310.0620;324.2070;328.4120;330.1460;330.2390;331.8030;331.2430;2.7966;2.1826;57.8831;25.3097;20.0000;0.1859;911.2510;900.3970;23.6000;1.4823;1.7928;0.3000;0.3000;88.5938;3.4970;2.3872;441.1000;440.1870;440.1340;45.0664;20.1004;7607.0300;4.9984;2.5003;440.1340;60.0246;601.2750;0.8088;426.3600;455.8400;44.2277;3.1393;557.8130;170.6460;14.2706;1496.4700;2500.5000;38.2739;1963.0400;0.9000;1239.2600;370.7130
40.9295;900.3700;399.6410;55.0882;13.5470;0.9277;2045.8100;58.8244;58.8364;82.2942;77.3664;82.5989;29.8547;1.9672;2.5734;1.8602;0.4000;30.5719;2.2574;50.0233;56.8981;49.4642;4.6612;4.0786;3.1227;19.9682;0.9559;9.9679;9.4942;87.7157;323.4390;235.7360;0.4736;74.7800;51.5239;348.0690;311.8140;324.2460;328.4400;330.2140;330.2700;331.8400;331.2880;2.7964;2.1824;57.8821;24.3221;20.0000;0.1859;911.3800;900.3760;23.6000;1.4823;1.7928;0.3000;0.3000;92.6161;2.2574;2.7185;441.1000;440.1880;440.1870;45.1726;20.1310;7617.4200;4.9984;2.5003;440.1870;60.0239;609.0480;0.8136;426.3600;455.8400;44.3463;3.2602;558.8300;173.0610;14.5750;1499.4700;2503.5000;38.2262;1966.7000;0.9000;1239.2600;377.7890
41.0409;900.3910;400.7210;55.2196;13.6569;0.9358;2055.7100;58.8283;58.8438;82.7893;77.7238;83.0937;31.2116;1.9668;2.5730;1.8600;0.4000;30.6394;3.4658;50.0235;56.8987;49.4651;4.6616;4.0786;3.1229;19.9686;0.9560;9.9679;9.4942;87.9543;323.4710;235.5210;0.4734;75.3306;51.5114;349.3700;312.7280;325.1960;329.3770;331.1800;331.2120;332.7940;332.2350;2.7966;2.1824;57.8793;24.6999;20.0000;0.1859;911.3800;900.3760;23.6000;1.4823;1.7928;0.3000;0.3000;88.6886;3.4658;2.3867;441.1000;440.1870;440.1560;45.3107;20.1508;7623.9200;4.9984;2.5003;440.1870;60.0262;611.0740;0.8134;426.3600;455.8400;44.4994;3.2738;559.0520;173.4160;14.5985;1499.8300;2503.9100;38.2135;1967.3500;0.9000;1239.2600;378.9440
41.2036;900.4400;404.8010;55.4595;13.7411;0.9421;2063.3900;58.8362;58.8520;82.7297;76.7749;82.9894;33.8561;1.9662;2.5720;1.8594;0.4000;30.6916;4.1620;50.0234;56.9065;49.4690;4.6616;4.0786;3.1228;19.9686;0.9560;9.9679;9.4951;88.6705;323.4690;234.8120;0.4733;75.7661;51.2651;350.3750;313.4310;326.0450;330.2120;332.0360;332.0480;333.6470;333.0580;2.7966;2.1824;57.8785;25.4271;20.0000;0.1859;911.5030;900.3760;23.6000;1.4823;1.7928;0.3000;0.3000;86.4393;4.1620;2.2042;441.1000;440.1940;440.2050;45.1651;20.1340;7618.3000;4.9984;2.5003;440.2060;60.0274;612.2960;0.8167;426.3600;455.8400;44.6516;3.3128;559.1450;174.1970;14.7491;1500.2600;2504.2300;38.2132;1967.6000;0.9000;1239.2600;381.2670
40.8855;900.4680;400.1740;55.0180;13.6990;0.9388;2059.5100;58.8362;58.8520;82.3410;76.8122;82.5976;31.8227;1.9669;2.5729;1.8600;0.4000;30.6213;2.9169;50.0234;56.9170;49.4728;4.6619;4.0791;3.1231;19.9708;0.9560;9.9679;9.4951;87.9618;323.4980;235.5370;0.4732;75.6421;50.8566;349.4380;312.6810;326.5210;330.6770;332.4860;332.5010;334.1160;333.4990;2.7967;2.1824;57.8793;24.8591;20.0000;0.1859;911.4950;900.4520;23.6000;1.4823;1.7928;0.3000;0.3000;90.4754;2.9169;2.5424;441.1000;440.2010;440.1570;45.1278;20.1120;7610.9400;4.9984;2.5003;440.1520;60.0340;607.6140;0.8144;426.3600;455.8400;44.7665;3.2385;558.2850;172.6410;14.5859;1497.6900;2501.6100;38.2526;1964.4800;0.9000;1239.2600;377.2700
40.7222;900.4710;398.2370;54.8012;13.6323;0.9339;2053.4700;58.8362;58.8520;82.4997;77.6434;82.7910;29.9884;1.9672;2.5735;1.8604;0.4000;30.5948;2.6445;50.0234;56.9180;49.4732;4.6620;4.0791;3.1231;19.9710;0.9561;9.9679;9.4951;87.5959;323.5000;235.9040;0.4732;75.4409;50.8318;348.4950;311.9860;326.3210;330.4330;332.2400;332.2750;333.8810;333.2780;2.7967;2.1824;57.8794;24.3457;20.0000;0.1859;911.4340;900.4600;23.6000;1.4823;1.7928;0.3000;0.3000;91.3564;2.6445;2.6110;441.1000;440.2020;440.1650;44.9738;20.0956;7605.4300;4.9984;2.5003;440.1850;60.0347;605.1040;0.8134;426.3600;455.8400;44.8702;3.2197;558.0500;171.9710;14.5214;1497.1200;2500.9800;38.2658;1963.6200;0.9000;1239.2600;375.2390
40.7384;900.4310;396.8230;54.8076;13.5943;0.9311;2049.9900;58.8357;58.8515;82.7735;77.3827;83.0640;32.2738;1.9666;2.5726;1.8597;0.4000;30.6631;3.7683;50.0234;56.9180;49.4726;4.6620;4.0790;3.1230;19.9710;0.9560;9.9687;9.4951;87.3913;323.4900;236.0990;0.4732;75.3602;50.9951;348.0920;311.7140;325.9540;330.0390;331.8390;331.9040;333.5010;332.8920;2.7967;2.1824;57.8794;24.9933;20.0000;0.1859;911.4340;900.4600;23.6000;1.4823;1.7928;0.3000;0.3000;87.7106;3.7683;2.3071;441.1000;440.1870;440.1620;45.0437;20.1037;7608.1400;4.9984;2.5003;440.1650;60.0310;605.3620;0.8128;426.3600;455.8400;44.9483;3.2065;558.0870;171.9350;14.4764;1497.2200;2501.1600;38.2624;1963.8700;0.9000;1239.2600;375.1450
41.1743;900.4310;402.2690;55.4108;13.6617;0.9362;2056.1500;58.8442;58.8562;82.5393;76.7286;82.7939;33.1098;1.9663;2.5723;1.8595;0.4000;30.6600;3.6137;50.0234;56.9180;49.4726;4.6616;4.0790;3.1228;19.9705;0.9559;9.9687;9.4951;88.2394;323.4900;235.2300;0.4732;75.7376;51.0640;349.2030;312.5590;325.9410;330.0080;331.7830;331.8640;333.4690;332.8670;2.7966;2.1824;57.8794;25.2302;20.0000;0.1859;911.4410;900.4210;23.6000;1.4823;1.7928;0.3000;0.3000;88.2137;3.6137;2.3533;441.1000;440.1920;440.1660;45.3011;20.1522;7624.4100;4.9984;2.5003;440.1690;60.0271;612.6310;0.8150;426.3600;455.8400;45.0605;3.2815;559.3250;174.0570;14.6685;1500.6700;2504.7700;38.2012;1968.3500;0.9000;1239.2600;380.6450
41.3368;900.3810;406.1640;55.6446;13.7596;0.9435;2065.0800;58.8559;58.8689;82.4071;77.0266;82.6487;31.3582;1.9668;2.5730;1.8600;0.4000;30.6122;2.8608;50.0234;56.9271;49.4727;4.6616;4.0790;3.1228;19.9705;0.9559;9.9687;9.4951;88.8804;323.4720;234.5970;0.4734;76.2075;50.9750;350.4830;313.4810;326.4580;330.5220;332.2890;332.3850;333.9920;333.4110;2.7966;2.1824;57.8794;24.7433;20.0000;0.1859;911.5040;900.4210;23.6000;1.4823;1.7928;0.3000;0.3000;90.6548;2.8608;2.5557;441.1000;440.1920;440.1930;45.2849;20.1568;7625.9500;4.9984;2.5003;440.1930;60.0289;614.8960;0.8167;426.3600;455.8400;45.1952;3.3335;559.5850;174.7850;14.7880;1501.4200;2505.4300;38.1911;1969.1500;0.9000;1239.2600;382.9040
43.1898;900.1580;424.4870;58.1845;13.9458;0.9576;2082.0700;58.8863;58.9016;82.6912;77.4182;82.9280;31.3482;1.9661;2.5721;1.8593;0.4000;30.6186;3.2796;50.0234;56.9420;49.4771;4.6597;4.0772;3.1216;19.9612;0.9557;9.9681;9.4951;91.7882;323.3640;231.5760;0.4734;77.0946;50.9009;353.1450;315.4290;327.3650;331.4360;333.2080;333.3190;334.9300;334.3260;2.7958;2.1822;57.8782;24.7412;20.0000;0.1858;911.7710;900.1750;23.6000;1.4823;1.7928;0.3000;0.3000;89.2890;3.2796;2.4382;441.1000;440.2230;440.6330;46.4627;20.4477;7723.1200;4.9984;2.5003;440.6350;60.0106;649.2530;0.8186;426.3600;455.8400;45.4633;3.7808;569.7790;186.3050;15.3190;1530.6100;2535.4300;37.7117;2005.7800;0.9000;1239.2600;405.6080
45.5815;899.9490;448.3850;61.4069;14.3740;0.9897;2120.9300;58.9431;58.9588;82.8570;76.8273;83.0150;33.6530;1.9651;2.5706;1.8584;0.4000;30.6688;4.2014;50.0234;56.9848;49.4897;4.6582;4.0760;3.1204;19.9573;0.9554;9.9668;9.4935;95.6974;323.2770;227.5790;0.4735;78.9967;50.5283;358.7360;319.4150;329.7670;333.8550;335.6720;335.8000;337.4170;336.7670;2.7952;2.1820;57.8749;25.3815;20.0000;0.1858;912.2110;899.9410;23.6000;1.4823;1.7928;0.3000;0.3000;86.3007;4.2014;2.1906;441.1000;440.2560;440.5160;48.0289;20.6457;7788.9500;4.9984;2.5003;440.4920;59.9966;683.8070;0.8337;426.3600;455.8400;45.8617;4.1824;571.1710;194.2750;16.1558;1534.4600;2539.6800;37.6417;2011.0400;0.9000;1239.2600;434.9730
43.2762;900.6290;434.3320;58.3071;14.6987;1.0131;2150.2400;58.9925;59.0085;82.6753;76.2770;82.7560;34.3136;1.9664;2.5724;1.8596;0.4000;30.6994;4.1331;50.0234;57.0586;49.5157;4.6621;4.0792;3.1234;19.9774;0.9562;9.9668;9.4931;94.2618;323.5350;229.2980;0.4740;80.3169;49.2757;361.6600;321.2410;333.5840;337.7320;339.5720;339.7210;341.3210;340.6500;2.7972;2.1826;57.8716;25.5662;20.0000;0.1858;912.2450;900.5660;23.6000;1.4823;1.7928;0.3000;0.3000;86.5370;4.1331;2.2134;441.1000;440.2470;440.2100;46.4656;20.3679;7696.5100;4.9984;2.5003;440.2070;60.0405;646.9070;0.8251;426.3600;455.8400;46.2365;3.6970;564.9510;184.0750;15.7067;1515.4300;2519.7100;37.9246;1987.6000;0.9000;1239.2600;406.9710
43.1675;900.4930;427.3000;58.1340;14.4069;0.9914;2123.6200;59.0206;59.0366;82.3824;76.7140;82.5173;31.7769;1.9670;2.5732;1.8601;0.4000;30.6197;2.9029;50.0234;57.1056;49.5323;4.6615;4.0790;3.1230;19.9788;0.9559;9.9668;9.4932;92.6096;323.5140;230.8960;0.4741;79.0273;48.2016;356.9550;317.7100;334.2730;338.4640;340.2590;340.4750;342.0300;341.3470;2.7969;2.1826;57.8798;24.8749;20.0000;0.1859;912.1150;900.4970;23.6000;1.4823;1.7928;0.3000;0.3000;90.5196;2.9029;2.5453;441.1000;440.2470;440.2380;46.4149;20.3534;7691.6700;4.9984;2.5003;440.2220;60.0310;644.2520;0.8248;426.3600;455.8400;46.4179;3.6434;564.3690;182.9940;15.4683;1514.2900;2518.6300;37.9563;1985.8900;0.9000;1239.2600;405.1890
43.3297;900.4330;431.0170;58.3898;14.3670;0.9886;2120.1300;59.0603;59.0763;82.6770;77.3503;82.8426;31.1953;1.9669;2.5732;1.8601;0.4000;30.6257;3.1927;50.0205;57.1422;49.5323;4.6611;4.0785;3.1226;19.9806;0.9559;9.9668;9.4932;93.0699;323.4980;230.4160;0.4742;78.9298;48.2560;356.6070;317.4940;333.6970;337.8940;339.6470;339.9160;341.4460;340.7520;2.7966;2.1826;57.8798;24.7325;20.0000;0.1859;912.1150;900.4380;23.6000;1.4823;1.7928;0.3000;0.3000;89.5750;3.1927;2.4618;441.1000;440.2470;440.2380;46.4605;20.3632;7694.8600;4.9984;2.5003;440.2220;60.0310;646.8280;0.8264;426.3600;455.8400;46.5880;3.6780;564.5620;183.8140;15.6032;1514.8600;2519.2400;37.9476;1986.7000;0.9000;1239.2600;407.5860
43.7215;900.3680;434.1770;58.9087;14.4270;0.9931;2125.5600;59.1087;59.1248;82.8553;76.7791;82.9953;33.8887;1.9662;2.5720;1.8594;0.4000;30.6956;4.2898;50.0205;57.1781;49.5323;4.6611;4.0785;3.1226;19.9806;0.9558;9.9668;9.4932;93.5908;323.4980;229.8800;0.4743;79.2563;48.3296;357.4970;318.1490;333.6050;337.8280;339.5740;339.8290;341.3510;340.6980;2.7966;2.1826;57.8798;25.5056;20.0000;0.1859;912.1250;900.3890;23.6000;1.4823;1.7928;0.3000;0.3000;86.0248;4.2898;2.1678;441.1000;440.2470;440.1960;46.8897;20.4343;7718.6500;4.9984;2.5003;440.1980;60.0265;654.3390;0.8260;426.3600;455.8400;46.7824;3.7354;566.2240;185.9340;15.6975;1519.3100;2523.9900;37.8625;1992.6500;0.9000;1239.2600;412.1040
42.9112;900.7100;434.6220;57.8918;14.5608;1.0029;2137.9400;59.1613;59.1774;82.5787;76.3599;82.6779;33.7502;1.9668;2.5729;1.8599;0.4000;30.6795;3.7569;50.0205;57.2189;49.5446;4.6617;4.0793;3.1230;19.9889;0.9563;9.9678;9.4932;94.0850;323.5680;229.4830;0.4747;79.8790;48.1589;359.1550;319.3120;334.2150;338.4900;340.2370;340.4900;341.9790;341.3270;2.7972;2.1824;57.8783;25.4877;20.0000;0.1859;912.2330;900.6600;23.6000;1.4823;1.7928;0.3000;0.3000;87.7538;3.7569;2.3151;441.1000;440.2100;439.9260;46.7351;20.3630;7694.8900;4.9984;2.5003;439.9040;60.0506;643.5260;0.8224;426.3600;455.8400;47.0098;3.6212;564.3910;182.9310;15.7464;1512.8000;2517.3000;37.9340;1985.4500;0.9000;1239.2600;403.2550
42.6770;900.5570;423.5340;57.4917;14.3211;0.9850;2115.8800;59.1805;59.1964;82.4392;76.8708;82.5858;31.7043;1.9671;2.5733;1.8601;0.4000;30.6230;2.9546;50.0205;57.2424;49.5518;4.6616;4.0790;3.1228;19.9889;0.9559;9.9678;9.4932;92.0053;323.5300;231.5110;0.4747;78.8471;47.8902;355.6210;316.7160;333.8450;338.1110;339.8600;340.0940;341.5790;340.9310;2.7969;2.1826;57.8830;24.9308;20.0000;0.1859;912.0590;900.5600;23.6000;1.4823;1.7928;0.3000;0.3000;90.3516;2.9546;2.5303;441.1000;440.2100;440.1960;46.4121;20.3550;7692.2100;4.9984;2.5003;440.1880;60.0386;639.6200;0.8192;426.3600;455.8400;47.0876;3.5989;564.4730;181.8000;15.3128;1514.2400;2518.6500;37.9467;1986.0700;0.9000;1239.2600;399.5140
42.6210;900.4950;422.4930;57.4198;14.1944;0.9757;2104.4500;59.2005;59.2164;82.6728;77.2853;82.8543;31.6365;1.9669;2.5732;1.8601;0.4000;30.6364;3.3141;50.0205;57.2505;49.5505;4.6611;4.0786;3.1225;19.9889;0.9559;9.9678;9.4932;91.6650;323.4980;231.8140;0.4748;78.3756;48.2259;354.2510;315.7930;332.6620;336.8810;338.6260;338.8110;340.3150;339.6700;2.7969;2.1826;57.8827;24.9199;20.0000;0.1859;911.9990;900.4970;23.6000;1.4823;1.7928;0.3000;0.3000;89.1826;3.3141;2.4297;441.1000;440.2100;440.1960;46.3738;20.3474;7689.9000;4.9984;2.5003;440.1880;60.0347;638.5700;0.8192;426.3600;455.8400;47.1409;3.5850;564.2360;181.4830;15.2798;1513.7200;2518.2100;37.9574;1985.3400;0.9000;1239.2600;398.8350
42.8510;900.4250;423.5080;57.7248;14.1699;0.9739;2102.2400;59.2201;59.2359;82.7455;76.8301;82.9159;33.4761;1.9663;2.5722;1.8595;0.4000;30.6785;3.9862;50.0205;57.2541;49.5468;4.6606;4.0781;3.1223;19.9876;0.9558;9.9677;9.4932;91.7794;323.4660;231.6820;0.4749;78.3473;48.6240;354.2760;315.8790;331.8020;335.9750;337.7170;337.8750;339.3730;338.7170;2.7966;2.1826;57.8829;25.4366;20.0000;0.1859;911.9350;900.4320;23.6000;1.4823;1.7928;0.3000;0.3000;87.0070;3.9862;2.2503;441.1000;440.2100;440.2150;46.4638;20.3620;7694.5500;4.9984;2.5003;440.2160;60.0269;641.4980;0.8209;426.3600;455.8400;47.1941;3.6065;564.4970;182.2710;15.3258;1514.6700;2519.1300;37.9484;1986.5000;0.9000;1239.2600;401.5320
41.2463;900.6310;405.3530;55.5218;14.0015;0.9611;2086.8500;59.2176;59.2332;82.4877;76.6577;82.6687;32.9660;1.9670;2.5733;1.8601;0.4000;30.6603;3.4489;50.0196;57.2574;49.5469;4.6619;4.0794;3.1232;19.9934;0.9560;9.9681;9.4930;89.2006;323.5530;234.3400;0.4751;77.6316;48.6764;351.8250;314.0820;331.1660;335.3190;337.0480;337.1740;338.6930;338.0180;2.7973;2.1827;57.8832;25.2969;20.0000;0.1859;911.7600;900.6530;23.6000;1.4823;1.7928;0.3000;0.3000;88.7513;3.4489;2.3983;441.1000;440.2150;440.2690;45.0074;20.1047;7608.4500;4.9984;2.5003;440.2570;60.0419;611.2480;0.8191;426.3600;455.8400;47.1532;3.3054;558.4410;173.7620;14.7554;1498.2600;2501.8600;38.2526;1964.6900;0.9000;1239.2600;381.7870
40.8841;900.5500;401.6850;55.0538;13.7332;0.9413;2062.6200;59.2019;59.2186;82.4031;77.2530;82.6394;30.7892;1.9672;2.5736;1.8604;0.4000;30.6031;2.6660;50.0195;57.2297;49.5429;4.6616;4.0786;3.1228;19.9900;0.9559;9.9681;9.4932;88.2348;323.4990;235.2590;0.4751;76.5681;49.1821;348.6720;311.8830;329.0130;333.1760;334.8440;334.9830;336.5160;335.8130;2.7969;2.1826;57.8832;24.6854;20.0000;0.1859;911.5540;900.5570;23.6000;1.4823;1.7928;0.3000;0.3000;91.2885;2.6660;2.6076;441.1000;440.2150;440.1660;44.9881;20.0982;7606.2900;4.9984;2.5003;440.1650;60.0388;607.3980;0.8154;426.3600;455.8400;47.0288;3.2507;558.1320;172.6670;14.6504;1497.1900;2500.9900;38.2605;1963.7800;0.9000;1239.2600;377.5960
40.3233;900.5630;395.1290;54.2830;13.6032;0.9316;2050.8500;59.1826;59.1979;82.6690;77.5107;82.9336;31.4226;1.9672;2.5735;1.8602;0.4000;30.6382;3.3014;50.0195;57.1985;49.5266;4.6616;4.0786;3.1228;19.9900;0.9559;9.9688;9.4932;87.2467;323.4990;236.2530;0.4752;76.0866;49.9186;347.4280;311.0780;327.2380;331.4010;333.0480;333.1820;334.7370;334.0140;2.7969;2.1826;57.8832;24.8591;20.0000;0.1859;911.4350;900.5670;23.6000;1.4823;1.7928;0.3000;0.3000;89.2246;3.3014;2.4331;441.1000;440.2150;440.1560;44.7101;20.0483;7589.5700;4.9984;2.5003;440.1540;60.0388;598.8220;0.8119;426.3600;455.8400;46.8891;3.1619;556.9840;170.3040;14.4323;1494.0100;2497.7000;38.3174;1959.6700;0.9000;1239.2600;370.6280
40.4192;900.4960;394.1390;54.3929;13.4974;0.9239;2041.2400;59.1507;59.1679;82.6148;76.9770;82.8751;32.9371;1.9666;2.5727;1.8597;0.4000;30.6640;3.6733;50.0195;57.1579;49.5150;4.6611;4.0786;3.1228;19.9862;0.9559;9.9688;9.4932;86.8697;323.4680;236.5930;0.4752;75.7087;50.5685;346.5070;310.5140;325.6770;329.8170;331.4830;331.5840;333.1850;332.4230;2.7969;2.1826;57.8832;25.2714;20.0000;0.1859;911.3740;900.4970;23.6000;1.4823;1.7928;0.3000;0.3000;88.0210;3.6733;2.3359;441.1000;440.1820;440.1620;44.9289;20.0875;7602.9800;4.9984;2.5003;440.1620;60.0348;601.4710;0.8101;426.3600;455.8400;46.7466;3.1804;557.8160;170.9480;14.3726;1496.5500;2500.2800;38.2770;1962.9400;0.9000;1239.2600;371.5120
40.3741;900.4960;393.8140;54.3267;13.4911;0.9234;2040.6100;59.1233;59.1382;82.4186;77.0028;82.6758;31.8217;1.9668;2.5730;1.8600;0.4000;30.6248;3.0159;50.0195;57.1232;49.5076;4.6611;4.0786;3.1228;19.9824;0.9559;9.9688;9.4932;86.8247;323.4680;236.6260;0.4752;75.7190;50.9933;346.7510;310.7650;324.9200;329.0420;330.7260;330.8050;332.4430;331.6520;2.7966;2.1826;57.8824;24.9469;20.0000;0.1859;911.3740;900.4970;23.6000;1.4823;1.7928;0.3000;0.3000;90.1522;3.0159;2.5143;441.1000;440.1820;440.1620;44.8754;20.0780;7599.8600;4.9984;2.5003;440.1620;60.0312;600.4700;0.8103;426.3600;455.8400;46.6428;3.1706;557.6210;170.6590;14.3623;1495.9600;2499.9700;38.2863;1962.0900;0.9000;1239.2600;370.9390
40.9942;900.3240;398.1130;55.1582;13.5265;0.9261;2043.8900;59.0933;59.1083;82.5563;77.4654;82.8247;30.9614;1.9668;2.5730;1.8600;0.4000;30.6122;2.9860;50.0195;57.0878;49.5037;4.6606;4.0781;3.1223;19.9780;0.9558;9.9686;9.4932;87.5354;323.4200;235.8770;0.4752;75.9171;51.3562;347.5610;311.4000;324.6270;328.7550;330.4220;330.5060;332.1640;331.3500;2.7963;2.1824;57.8827;24.6868;20.0000;0.1859;911.3170;900.3420;23.6000;1.4823;1.7928;0.3000;0.3000;90.2458;2.9860;2.5191;441.1000;440.1870;440.1850;45.3022;20.1405;7620.4800;4.9984;2.5003;440.1780;60.0206;609.8060;0.8139;426.3600;455.8400;46.5611;3.2572;558.9420;173.2720;14.5220;1499.7700;2503.8800;38.2211;1967.1200;0.9000;1239.2600;378.3780
40.9085;900.4410;400.8700;55.0542;13.6487;0.9352;2055.0200;59.0768;59.0936;82.7129;77.2454;82.9614;32.3399;1.9667;2.5727;1.8597;0.4000;30.6566;3.6537;50.0195;57.0741;49.4997;4.6612;4.0782;3.1226;19.9780;0.9559;9.9686;9.4932;88.0255;323.4440;235.4240;0.4753;76.4435;51.4562;349.2680;312.6540;325.1710;329.3220;330.9920;331.0890;332.7520;331.9240;2.7964;2.1824;57.8827;25.0580;20.0000;0.1859;911.4390;900.4380;23.6000;1.4823;1.7928;0.3000;0.3000;88.0817;3.6537;2.3387;441.1000;440.1880;440.1830;45.0755;20.1144;7611.7300;4.9984;2.5003;440.1820;60.0281;608.0310;0.8144;426.3600;455.8400;46.5415;3.2545;558.4720;172.7900;14.6089;1498.3200;2502.2600;38.2446;1965.2100;0.9000;1239.2600;377.5250
40.8803;900.4310;399.0170;54.9962;13.6567;0.9357;2055.6700;59.0546;59.0696;82.5509;76.8293;82.7799;32.8671;1.9665;2.5726;1.8597;0.4000;30.6577;3.5552;50.0195;57.0582;49.4997;4.6612;4.0786;3.1228;19.9780;0.9559;9.9686;9.4932;87.7422;323.4440;235.7150;0.4753;76.4597;51.2144;349.1220;312.5000;325.7330;329.8830;331.5880;331.6770;333.3460;332.5000;2.7967;2.1824;57.8827;25.1909;20.0000;0.1859;911.4370;900.4380;23.6000;1.4823;1.7928;0.3000;0.3000;88.4035;3.5552;2.3685;441.1000;440.1960;440.2180;44.9849;20.1073;7609.3400;4.9984;2.5003;440.2220;60.0300;607.1310;0.8142;426.3600;455.8400;46.5088;3.2464;558.4320;172.5580;14.5489;1498.3600;2502.2600;38.2491;1965.0900;0.9000;1239.2600;376.9060
40.7088;900.5020;399.1080;54.7847;13.6666;0.9364;2056.6100;59.0291;59.0442;82.4473;77.1657;82.6836;31.2040;1.9670;2.5733;1.8602;0.4000;30.6154;2.8890;50.0175;57.0464;49.4997;4.6611;4.0787;3.1228;19.9770;0.9560;9.9686;9.4932;87.7948;323.4720;235.6780;0.4753;76.4995;51.0597;349.1530;312.5030;326.0030;330.1820;331.8940;332.0010;333.6270;332.7930;2.7967;2.1824;57.8827;24.7165;20.0000;0.1859;911.4390;900.4450;23.6000;1.4823;1.7928;0.3000;0.3000;90.5636;2.8890;2.5474;441.1000;440.1960;440.1680;44.9057;20.0839;7601.5000;4.9984;2.5003;440.1670;60.0314;604.4610;0.8140;426.3600;455.8400;46.4857;3.2187;557.8020;171.8240;14.5624;1496.2800;2500.2300;38.2787;1962.6000;0.9000;1239.2600;375.1190
40.5711;900.4980;396.3000;54.5858;13.6041;0.9318;2050.9000;59.0067;59.0217;82.5923;77.3999;82.8469;31.2734;1.9670;2.5732;1.8601;0.4000;30.6283;3.1594;50.0175;57.0346;49.4960;4.6616;4.0787;3.1228;19.9770;0.9560;9.9686;9.4932;87.3153;323.4680;236.1520;0.4752;76.2317;51.0314;348.2240;311.8110;325.9120;330.0550;331.7740;331.8980;333.5050;332.6530;2.7967;2.1824;57.8827;24.7333;20.0000;0.1859;911.4360;900.4450;23.6000;1.4823;1.7928;0.3000;0.3000;89.6848;3.1594;2.4724;441.1000;440.1960;440.1680;44.8475;20.0742;7597.7900;4.9984;2.5003;440.1670;60.0314;602.2320;0.8131;426.3600;455.8400;46.4422;3.1885;557.4930;171.1500;14.4624;1495.5900;2499.4400;38.2931;1961.6000;0.9000;1239.2600;373.3080
40.8621;900.4290;398.9250;54.9830;13.5928;0.9310;2049.9100;58.9872;59.0033;82.6403;77.1017;82.8822;32.4320;1.9665;2.5727;1.8597;0.4000;30.6527;3.5657;50.0175;57.0192;49.4919;4.6616;4.0786;3.1228;19.9761;0.9559;9.9687;9.4932;87.6476;323.4680;235.7970;0.4752;76.2060;51.1477;348.2450;311.8580;325.5920;329.7490;331.4590;331.6140;333.1840;332.3350;2.7966;2.1824;57.8827;25.0567;20.0000;0.1859;911.4360;900.4320;23.6000;1.4823;1.7928;0.3000;0.3000;88.3676;3.5657;2.3638;441.1000;440.1880;440.1690;45.1388;20.1250;7615.2400;4.9984;2.5003;440.1700;60.0311;607.9620;0.8130;426.3600;455.8400;46.4175;3.2477;558.7080;172.7660;14.5440;1499.0000;2502.9100;38.2330;1966.1000;0.9000;1239.2600;376.8530
41.3132;900.3700;403.7150;55.6002;13.6812;0.9376;2057.9400;58.9799;58.9921;82.5095;76.9871;82.7395;32.0670;1.9666;2.5727;1.8597;0.4000;30.6334;3.2360;50.0175;57.0078;49.4881;4.6610;4.0786;3.1226;19.9742;0.9559;9.9687;9.4935;88.4756;323.4300;234.9540;0.4751;76.5949;51.1679;349.5430;312.8210;325.8220;329.9420;331.6650;331.8490;333.4310;332.5540;2.7966;2.1824;57.8827;24.9548;20.0000;0.1859;911.4420;900.3700;23.6000;1.4823;1.7928;0.3000;0.3000;89.4364;3.2360;2.4539;441.1000;440.1910;440.2080;45.3474;20.1602;7627.6600;4.9984;2.5003;440.2100;60.0260;614.5660;0.8161;426.3600;455.8400;46.4278;3.3181;559.5830;174.6320;14.7132;1501.5100;2505.5300;38.1906;1969.2900;0.9000;1239.2600;382.3820
41.3458;900.3780;405.8200;55.6476;13.7722;0.9444;2066.1900;58.9762;58.9921;82.5527;77.1769;82.7760;31.5897;1.9667;2.5728;1.8599;0.4000;30.6272;3.1621;50.0175;57.0078;49.4884;4.6612;4.0786;3.1226;19.9742;0.9559;9.9687;9.4935;88.8338;323.4380;234.6240;0.4751;76.9720;51.0510;350.6490;313.6010;326.4960;330.5870;332.2980;332.5140;334.1170;333.2060;2.7966;2.1824;57.8788;24.8209;20.0000;0.1859;911.5020;900.3780;23.6000;1.4823;1.7928;0.3000;0.3000;89.6757;3.1621;2.4726;441.1000;440.1910;440.2080;45.3157;20.1581;7625.9900;4.9984;2.5003;440.2100;60.0276;614.8420;0.8167;426.3600;455.8400;46.4650;3.3230;559.5510;174.7150;14.7749;1501.1800;2505.2200;38.1916;1968.9200;0.9000;1239.2600;382.8580
40.9049;900.5100;403.6850;55.0704;13.7934;0.9459;2068.1400;58.9687;58.9839;82.6278;77.1386;82.8527;32.1231;1.9667;2.5728;1.8599;0.4000;30.6485;3.4574;50.0175;57.0079;49.4923;4.6616;4.0786;3.1228;19.9748;0.9561;9.9687;9.4935;88.6863;323.4710;234.7940;0.4752;77.0434;50.8264;350.6970;313.5910;327.0880;331.1780;332.8900;333.1230;334.7370;333.8150;2.7966;2.1824;57.8794;24.9682;20.0000;0.1859;911.5020;900.5340;23.6000;1.4823;1.7928;0.3000;0.3000;88.7194;3.4574;2.3926;441.1000;440.1910;440.1880;44.8600;20.0872;7602.6000;4.9984;2.5003;440.1880;60.0372;607.0830;0.8162;426.3600;455.8400;46.4925;3.2686;558.0560;172.6560;14.7179;1497.1000;2500.8400;38.2670;1963.4900;0.9000;1239.2600;377.7880
40.1347;900.5630;392.2120;53.9917;13.5996;0.9313;2050.4600;58.9445;58.9595;82.5015;76.9873;82.7418;32.1752;1.9669;2.5730;1.8600;0.4000;30.6453;3.2904;50.0175;57.0031;49.4917;4.6621;4.0792;3.1233;19.9768;0.9561;9.9688;9.4935;86.7731;323.5010;236.7320;0.4752;76.1931;50.6171;347.7730;311.4100;326.6660;330.7680;332.4730;332.7240;334.3140;333.3810;2.7969;2.1824;57.8794;24.9826;20.0000;0.1859;911.3740;900.5640;23.6000;1.4823;1.7928;0.3000;0.3000;89.2630;3.2904;2.4398;441.1000;440.1860;440.1430;44.6146;20.0318;7584.0200;4.9984;2.5003;440.1420;60.0392;595.7080;0.8104;426.3600;455.8400;46.4415;3.1276;556.5450;169.3390;14.3310;1492.8000;2496.4500;38.3391;1958.1000;0.9000;1239.2600;368.0180
40.1869;900.4560;389.9830;54.0518;13.4386;0.9194;2035.8500;58.9248;58.9413;82.4356;77.2306;82.7052;31.1737;1.9670;2.5732;1.8601;0.4000;30.6155;2.8902;50.0175;56.9866;49.4877;4.6616;4.0790;3.1230;19.9761;0.9559;9.9688;9.4935;86.2097;323.4660;237.2530;0.4751;75.5393;50.8450;345.8170;310.0230;325.4270;329.5040;331.2070;331.4600;333.0320;332.1180;2.7969;2.1824;57.8835;24.7040;20.0000;0.1859;911.3110;900.4570;23.6000;1.4823;1.7928;0.3000;0.3000;90.5597;2.8902;2.5472;441.1000;440.1880;440.2670;44.5460;20.0362;7585.5000;4.9984;2.5003;440.2640;60.0304;596.0480;0.8105;426.3600;455.8400;46.3592;3.1504;556.8430;169.4660;14.2388;1494.2100;2497.9000;38.3319;1959.4300;0.9000;1239.2600;368.3770
40.1285;900.4560;390.5170;53.9842;13.4128;0.9176;2033.5800;58.9059;58.9208;82.5994;77.4319;82.8807;31.3514;1.9669;2.5732;1.8601;0.4000;30.6303;3.2037;50.0175;56.9600;49.4755;4.6616;4.0790;3.1230;19.9745;0.9559;9.9688;9.4935;86.2692;323.4660;237.1890;0.4751;75.4756;51.3883;345.9380;310.2020;324.3240;328.3800;330.0630;330.3280;331.8810;330.9900;2.7967;2.1824;57.8822;24.7568;20.0000;0.1859;911.3110;900.4570;23.6000;1.4823;1.7928;0.3000;0.3000;89.5409;3.2037;2.4604;441.1000;440.1760;440.1700;44.6816;20.0429;7587.8300;4.9984;2.5003;440.1670;60.0304;595.9250;0.8096;426.3600;455.8400;46.2877;3.1220;556.7310;169.3730;14.2591;1493.5600;2497.4300;38.3296;1959.0400;0.9000;1239.2600;367.8440
40.7427;900.3630;395.9390;54.8146;13.4750;0.9223;2039.2300;58.8980;58.9097;82.6169;77.1350;82.8810;32.3204;1.9665;2.5725;1.8596;0.4000;30.6468;3.5071;50.0175;56.9450;49.4723;4.6611;4.0785;3.1228;19.9706;0.9559;9.9688;9.4935;87.1375;323.4250;236.2860;0.4751;75.7634;51.6722;347.0920;311.1020;324.0900;328.1720;329.8230;330.0970;331.5950;330.7540;2.7966;2.1824;57.8822;25.0261;20.0000;0.1859;911.3170;900.3680;23.6000;1.4823;1.7928;0.3000;0.3000;88.5568;3.5071;2.3797;441.1000;440.1760;440.1770;45.1222;20.1167;7612.5100;4.9984;2.5003;440.1760;60.0235;606.0450;0.8122;426.3600;455.8400;46.2622;3.2198;558.3000;172.0610;14.4506;1498.0400;2502.0500;38.2538;1964.8000;0.9000;1239.2600;375.2930
40.8030;900.3830;398.9430;54.9011;13.6045;0.9319;2050.9900;58.8898;58.9058;82.5174;77.0154;82.7574;32.0753;1.9666;2.5725;1.8598;0.4000;30.6369;3.2644;50.0156;56.9372;49.4728;4.6612;4.0786;3.1228;19.9706;0.9559;9.9687;9.4935;87.6781;323.4380;235.7700;0.4751;76.3027;51.6292;348.7990;312.3390;324.8020;328.8910;330.5490;330.8280;332.3180;331.4700;2.7966;2.1824;57.8822;24.9508;20.0000;0.1859;911.3750;900.3800;23.6000;1.4823;1.7928;0.3000;0.3000;89.3448;3.2644;2.4462;441.1000;440.1880;440.1810;45.0678;20.1126;7611.4900;4.9984;2.5003;440.1810;60.0275;606.6940;0.8131;426.3600;455.8400;46.2743;3.2367;558.4180;172.4140;14.5400;1498.2000;2502.2400;38.2472;1965.0700;0.9000;1239.2600;376.1160
41.0693;900.3750;400.2860;55.2540;13.6421;0.9347;2054.3500;58.8867;58.9023;82.5226;77.1988;82.7635;31.4837;1.9668;2.5728;1.8599;0.4000;30.6247;3.1005;50.0156;56.9372;49.4728;4.6612;4.0786;3.1228;19.9705;0.9559;9.9687;9.4935;87.9353;323.4350;235.5000;0.4751;76.4437;51.4171;349.1090;312.5250;325.4420;329.5480;331.2130;331.4920;332.9650;332.1320;2.7966;2.1824;57.8822;24.7776;20.0000;0.1859;911.3750;900.4370;23.6000;1.4823;1.7928;0.3000;0.3000;89.8755;3.1005;2.4895;441.1000;440.1920;440.2040;45.2266;20.1384;7619.7700;4.9984;2.5003;440.2040;60.0266;610.5720;0.8145;426.3600;455.8400;46.2919;3.2700;558.9590;173.4450;14.5909;1499.7800;2503.8200;38.2213;1967.0700;0.9000;1239.2600;379.1910
40.6835;900.5080;398.9940;54.7455;13.6810;0.9375;2057.9200;58.8824;58.8944;82.6189;77.1993;82.8559;31.9383;1.9668;2.5728;1.8599;0.4000;30.6450;3.3984;50.0156;56.9381;49.4766;4.6617;4.0792;3.1231;19.9727;0.9561;9.9687;9.4935;87.8042;323.4690;235.6750;0.4751;76.5881;51.2233;349.4340;312.7250;326.0370;330.1840;331.8630;332.1130;333.5630;332.7790;2.7967;2.1824;57.8822;24.8993;20.0000;0.1859;911.4380;900.5010;23.6000;1.4823;1.7928;0.3000;0.3000;88.9105;3.3984;2.4085;441.1000;440.1920;440.1690;44.9114;20.0851;7601.8900;4.9984;2.5003;440.1680;60.0320;604.2410;0.8136;426.3600;455.8400;46.3172;3.2190;557.8070;171.7740;14.5528;1496.3600;2500.1900;38.2739;1962.7100;0.9000;1239.2600;374.7810
40.4529;900.4970;394.8670;54.4221;13.5867;0.9304;2049.3100;58.8672;58.8822;82.5414;77.0307;82.7854;32.2006;1.9668;2.5728;1.8599;0.4000;30.6455;3.3622;50.0156;56.9372;49.4766;4.6617;4.0792;3.1231;19.9727;0.9561;9.9688;9.4935;87.1018;323.4690;236.3710;0.4751;76.1727;51.0548;347.9860;311.6380;325.9270;330.0890;331.7870;331.9900;333.4530;332.6670;2.7967;2.1824;57.8822;24.9716;20.0000;0.1859;911.3700;900.5000;23.6000;1.4823;1.7928;0.3000;0.3000;89.0289;3.3622;2.4198;441.1000;440.1920;440.1690;44.7805;20.0624;7593.9600;4.9984;2.5003;440.1680;60.0320;600.3500;0.8124;426.3600;455.8400;46.2947;3.1688;557.2380;170.6320;14.4144;1494.8000;2498.7400;38.3057;1960.5800;0.9000;1239.2600;371.8210
40.4239;900.4970;394.2780;54.3872;13.5240;0.9258;2043.6500;58.8587;58.8744;82.4775;77.1865;82.7368;31.4179;1.9668;2.5730;1.8600;0.4000;30.6230;3.0270;50.0156;56.9290;49.4763;4.6617;4.0791;3.1230;19.9724;0.9561;9.9688;9.4935;86.9215;323.4650;236.5400;0.4751;75.9200;51.1472;347.2810;311.1440;325.3430;329.5400;331.2380;331.4150;332.8820;332.0880;2.7967;2.1824;57.8822;24.7554;20.0000;0.1859;911.3700;900.5000;23.6000;1.4823;1.7928;0.3000;0.3000;90.1154;3.0270;2.5100;441.1000;440.1920;440.1690;44.7691;20.0586;7592.9700;4.9984;2.5003;440.1680;60.0311;599.8990;0.8123;426.3600;455.8400;46.2629;3.1638;557.1220;170.4830;14.3944;1494.6200;2498.4700;38.3128;1960.3700;0.9000;1239.2600;371.5000
40.8928;900.3980;399.2110;55.0301;13.5798;0.9301;2048.7500;58.8560;58.8711;82.5973;77.3033;82.8524;31.5656;1.9668;2.5730;1.8599;0.4000;30.6312;3.2477;50.0156;56.9223;49.4726;4.6616;4.0787;3.1228;19.9706;0.9560;9.9687;9.4937;87.7045;323.4400;235.7340;0.4751;76.1795;51.3538;348.2650;311.9090;325.1550;329.3520;331.0630;331.2360;332.7200;331.9070;2.7966;2.1824;57.8822;24.8001;20.0000;0.1859;911.3750;900.4250;23.6000;1.4823;1.7928;0.3000;0.3000;89.3973;3.2477;2.4488;441.1000;440.1910;440.2010;45.0029;20.0995;7606.7300;4.9984;2.5003;440.2000;60.0272;607.0130;0.8152;426.3600;455.8400;46.2625;3.2384;558.0640;172.4750;14.5752;1497.3800;2501.3300;38.2661;1963.9000;0.9000;1239.2600;377.2920
41.2524;900.3780;403.3470;55.5156;13.6840;0.9378;2058.2000;58.8606;58.8756;82.6440;77.0809;82.8750;32.4102;1.9665;2.5725;1.8597;0.4000;30.6516;3.5629;50.0156;56.9219;49.4722;4.6616;4.0786;3.1228;19.9704;0.9559;9.9687;9.4937;88.4166;323.4360;235.0190;0.4751;76.6224;51.3485;349.6880;312.9480;325.6540;329.8230;331.5790;331.7420;333.2340;332.4060;2.7966;2.1824;57.8822;25.0367;20.0000;0.1859;911.4440;900.4170;23.6000;1.4823;1.7928;0.3000;0.3000;88.3763;3.5629;2.3644;441.1000;440.1910;440.1880;45.3215;20.1573;7626.1100;4.9984;2.5003;440.1890;60.0268;613.7100;0.8156;426.3600;455.8400;46.2949;3.3060;559.4740;174.3830;14.6987;1501.1500;2505.0700;38.1987;1968.8800;0.9000;1239.2600;381.6270
41.1662;900.4500;404.5620;55.4085;13.7646;0.9438;2065.5200;58.8667;58.8823;82.5477;76.9479;82.7642;32.3013;1.9667;2.5728;1.8598;0.4000;30.6445;3.3727;50.0156;56.9332;49.4764;4.6617;4.0786;3.1228;19.9710;0.9560;9.9687;9.4937;88.6639;323.4390;234.7990;0.4751;76.9453;51.1028;350.5460;313.5400;326.4680;330.6070;332.4010;332.5750;334.0510;333.2150;2.7966;2.1824;57.8793;25.0050;20.0000;0.1859;911.4960;900.4450;23.6000;1.4823;1.7928;0.3000;0.3000;88.9940;3.3727;2.4169;441.1000;440.2060;440.1620;45.2481;20.1459;7622.3000;4.9984;2.5003;440.1830;60.0310;612.4800;0.8153;426.3600;455.8400;46.3523;3.3046;559.2810;174.0830;14.7266;1500.4900;2504.4400;38.2052;1968.0100;0.9000;1239.2600;380.7400
40.4849;900.5580;396.1460;54.4686;13.6713;0.9367;2056.9800;58.8626;58.8786;82.4918;77.1311;82.7190;31.5445;1.9669;2.5733;1.8601;0.4000;30.6292;3.0778;50.0156;56.9375;49.4768;4.6622;4.0793;3.1233;19.9730;0.9561;9.9687;9.4937;87.4051;323.4690;236.0890;0.4751;76.5112;50.7870;348.9110;312.2700;326.7160;330.8740;332.6550;332.8800;334.3190;333.4670;2.7969;2.1824;57.8798;24.7924;20.0000;0.1859;911.4300;900.5200;23.6000;1.4823;1.7928;0.3000;0.3000;89.9516;3.0778;2.4964;441.1000;440.1860;440.1530;44.9383;20.0896;7603.4300;4.9984;2.5003;440.1500;60.0360;602.3380;0.8106;426.3600;455.8400;46.3624;3.1954;557.9420;171.2250;14.4424;1496.6300;2500.4300;38.2664;1963.1000;0.9000;1239.2600;372.2450
40.1598;900.5580;391.6760;54.0277;13.5217;0.9256;2043.4200;58.8503;58.8652;82.5417;77.2990;82.8035;31.3894;1.9670;2.5732;1.8601;0.4000;30.6297;3.1271;50.0156;56.9333;49.4763;4.6621;4.0793;3.1233;19.9730;0.9561;9.9688;9.4937;86.5854;323.4690;236.8990;0.4751;75.8848;50.8618;346.9340;310.8380;325.8950;330.0600;331.8150;332.0660;333.4940;332.6240;2.7969;2.1824;57.8832;24.7507;20.0000;0.1859;911.3680;900.5200;23.6000;1.4823;1.7928;0.3000;0.3000;89.7906;3.1271;2.4821;441.1000;440.1760;440.1780;44.6595;20.0421;7587.4700;4.9984;2.5003;440.1790;60.0360;596.3830;0.8100;426.3600;455.8400;46.3195;3.1350;556.7680;169.4970;14.2973;1493.5800;2497.2900;38.3295;1959.0100;0.9000;1239.2600;368.2890
39.9840;900.4990;388.8870;53.7848;13.4113;0.9174;2033.4100;58.8354;58.8513;82.5602;77.2261;82.8349;31.8229;1.9669;2.5730;1.8600;0.4000;30.6391;3.2895;50.0156;56.9179;49.4719;4.6621;4.0793;3.1233;19.9730;0.9561;9.9688;9.4937;86.0457;323.4690;237.4240;0.4751;75.4452;51.1961;345.7190;310.0050;324.7180;328.9060;330.6310;330.8880;332.3060;331.4220;2.7969;2.1824;57.8826;24.8759;20.0000;0.1859;911.2480;900.5000;23.6000;1.4823;1.7928;0.3000;0.3000;89.2636;3.2895;2.4386;441.1000;440.1760;440.1780;44.5647;20.0227;7580.9700;4.9984;2.5003;440.1790;60.0349;593.3470;0.8093;426.3600;455.8400;46.2467;3.0953;556.2320;168.6400;14.2091;1492.2100;2495.9900;38.3555;1957.2200;0.9000;1239.2600;366.0650
40.4769;900.4320;393.7300;54.4594;13.4399;0.9197;2036.0600;58.8318;58.8476;82.5311;77.1755;82.8033;31.7526;1.9667;2.5728;1.8599;0.4000;30.6308;3.2005;50.0156;56.9044;49.4643;4.6616;4.0790;3.1228;19.9707;0.9559;9.9688;9.4937;86.7730;323.4370;236.6640;0.4750;75.6020;51.5511;346.5080;310.6550;324.1080;328.3080;329.9990;330.2710;331.6870;330.7810;2.7966;2.1824;57.8826;24.8580;20.0000;0.1859;911.2530;900.4220;23.6000;1.4823;1.7928;0.3000;0.3000;89.5515;3.2005;2.4628;441.1000;440.1880;440.1860;44.8101;20.0651;7595.2000;4.9984;2.5003;440.1860;60.0272;600.7220;0.8125;426.3600;455.8400;46.2098;3.1706;557.1960;170.6800;14.3879;1495.0200;2498.8400;38.3071;1960.9600;0.9000;1239.2600;372.1260
40.5041;900.4320;395.1440;54.4969;13.5164;0.9253;2042.9800;58.8280;58.8432;82.5489;77.2120;82.8086;31.6751;1.9667;2.5728;1.8599;0.4000;30.6316;3.2132;50.0128;56.8977;49.4643;4.6616;4.0790;3.1228;19.9707;0.9560;9.9688;9.4937;87.0386;323.4380;236.4190;0.4750;75.9255;51.6679;347.6010;311.4660;324.3090;328.5350;330.2040;330.4660;331.8740;331.0060;2.7966;2.1824;57.8826;24.8342;20.0000;0.1859;911.3130;900.4220;23.6000;1.4823;1.7928;0.3000;0.3000;89.5103;3.2132;2.4590;441.1000;440.1880;440.1860;44.8085;20.0651;7595.4600;4.9984;2.5003;440.1860;60.0274;601.0790;0.8127;426.3600;455.8400;46.1992;3.1761;557.2540;170.8130;14.4254;1495.0200;2498.9900;38.3071;1960.9800;0.9000;1239.2600;372.4710
41.1328;900.3480;399.6940;55.3362;13.5755;0.9298;2048.3200;58.8280;58.8401;82.5704;77.1784;82.8212;31.8710;1.9665;2.5727;1.8597;0.4000;30.6348;3.2997;50.0128;56.8944;49.4649;4.6616;4.0785;3.1228;19.9666;0.9559;9.9687;9.4937;87.7651;323.4350;235.6510;0.4750;76.1746;51.6123;348.3890;312.0360;324.7300;328.9540;330.6310;330.8930;332.3050;331.4620;2.7964;2.1824;57.8826;24.8828;20.0000;0.1859;911.3830;900.3540;23.6000;1.4823;1.7928;0.3000;0.3000;89.2287;3.2997;2.4356;441.1000;440.1880;440.1960;45.2852;20.1514;7624.1300;4.9984;2.5003;440.1950;60.0232;611.8440;0.8145;426.3600;455.8400;46.2048;3.2805;559.2960;173.8490;14.5862;1500.8400;2504.9400;38.2054;1968.3800;0.9000;1239.2600;379.9580
40.8035;900.4520;399.7210;54.9051;13.6694;0.9367;2056.8200;58.8292;58.8442;82.5833;77.0973;82.8185;32.0636;1.9667;2.5728;1.8598;0.4000;30.6430;3.3706;50.0128;56.8987;49.4649;4.6617;4.0791;3.1231;19.9691;0.9561;9.9687;9.4937;87.8953;323.4430;235.5700;0.4751;76.5535;51.4420;349.4860;312.8030;325.5230;329.7240;331.4110;331.6830;333.1060;332.2720;2.7967;2.1824;57.8788;24.9308;20.0000;0.1859;911.4370;900.4450;23.6000;1.4823;1.7928;0.3000;0.3000;89.0020;3.3706;2.4167;441.1000;440.1880;440.1760;45.0689;20.1132;7611.3400;4.9984;2.5003;440.1760;60.0313;606.8670;0.8131;426.3600;455.8400;46.2445;3.2402;558.4750;172.4840;14.5668;1498.2500;2502.1700;38.2439;1965.1600;0.9000;1239.2600;376.1890
40.6891;900.4520;397.7400;54.7451;13.6318;0.9338;2053.4200;58.8280;58.8436;82.5292;77.0891;82.7655;31.8707;1.9667;2.5728;1.8599;0.4000;30.6359;3.2325;50.0128;56.9025;49.4690;4.6617;4.0791;3.1231;19.9691;0.9561;9.9687;9.4937;87.5419;323.4430;235.9230;0.4751;76.3705;51.1795;348.7290;312.2040;325.8560;330.0410;331.7320;332.0040;333.4410;332.6310;2.7967;2.1824;57.8798;24.8737;20.0000;0.1859;911.4370;900.4450;23.6000;1.4823;1.7928;0.3000;0.3000;89.4487;3.2325;2.4545;441.1000;440.1880;440.1760;44.9926;20.0989;7606.7900;4.9984;2.5003;440.1760;60.0313;604.8320;0.8127;426.3600;455.8400;46.2542;3.2162;558.1130;171.8980;14.4998;1497.3300;2501.2200;38.2621;1963.9400;0.9000;1239.2600;374.7230
40.6499;900.4520;397.2500;54.6957;13.5991;0.9314;2050.4600;58.8242;58.8398;82.5346;77.2008;82.7824;31.5745;1.9668;2.5728;1.8599;0.4000;30.6306;3.1589;50.0128;56.9025;49.4690;4.6617;4.0791;3.1231;19.9691;0.9561;9.9687;9.4937;87.4288;323.4430;236.0330;0.4751;76.2311;51.1338;348.2710;311.8660;325.7760;329.9670;331.6560;331.9040;333.3340;332.5620;2.7967;2.1824;57.8798;24.7918;20.0000;0.1859;911.4370;900.4450;23.6000;1.4823;1.7928;0.3000;0.3000;89.6868;3.1589;2.4738;441.1000;440.1880;440.1760;44.9254;20.0893;7603.3100;4.9984;2.5003;440.1760;60.0312;603.9560;0.8129;426.3600;455.8400;46.2579;3.2105;557.8820;171.6360;14.4846;1496.7300;2500.5900;38.2746;1963.0900;0.9000;1239.2600;374.3040
41.1914;900.3460;402.3540;55.4351;13.6540;0.9356;2055.4700;58.8286;58.8455;82.6019;77.1857;82.8375;31.8961;1.9666;2.5727;1.8597;0.4000;30.6378;3.3496;50.0117;56.9066;49.4690;4.6615;4.0791;3.1228;19.9686;0.9559;9.9687;9.4937;88.2459;323.4310;235.1870;0.4750;76.4798;51.2030;349.1630;312.5430;325.8440;329.9730;331.6750;331.8910;333.3640;332.5960;2.7966;2.1824;57.8798;24.8856;20.0000;0.1859;911.4450;900.3780;23.6000;1.4823;1.7928;0.3000;0.3000;89.0671;3.3496;2.4217;441.1000;440.2060;440.1780;45.2681;20.1352;7618.7100;4.9984;2.5003;440.1710;60.0244;611.8380;0.8167;426.3600;455.8400;46.2836;3.2810;558.8320;173.8590;14.6732;1499.3700;2503.4200;38.2262;1966.6200;0.9000;1239.2600;380.9740
41.1362;900.3890;403.2800;55.3629;13.7221;0.9406;2061.6500;58.8368;58.8519;82.5976;77.0478;82.8246;32.2670;1.9666;2.5727;1.8597;0.4000;30.6470;3.4516;50.0117;56.9144;49.4690;4.6616;4.0791;3.1229;19.9689;0.9560;9.9687;9.4937;88.4143;323.4400;235.0460;0.4751;76.7596;51.1112;349.9890;313.1260;326.3190;330.4460;332.1400;332.3610;333.8530;333.0690;2.7966;2.1824;57.8798;24.9918;20.0000;0.1859;911.4450;900.3780;23.6000;1.4823;1.7928;0.3000;0.3000;88.7379;3.4516;2.3949;441.1000;440.2060;440.1870;45.1574;20.1289;7616.4000;4.9984;2.5003;440.1860;60.0278;611.1210;0.8162;426.3600;455.8400;46.3207;3.2829;558.8030;173.6680;14.6947;1499.2600;2503.2100;38.2274;1966.4900;0.9000;1239.2600;380.2770
40.6474;900.5440;399.1300;54.7020;13.7086;0.9395;2060.4100;58.8401;58.8558;82.5252;77.0306;82.7521;31.9933;1.9668;2.5731;1.8600;0.4000;30.6403;3.2593;50.0117;56.9231;49.4727;4.6621;4.0794;3.1233;19.9728;0.9561;9.9687;9.4937;87.8582;323.4870;235.6340;0.4751;76.6787;50.8884;349.5570;312.7660;326.6880;330.7880;332.4820;332.7270;334.2270;333.4260;2.7967;2.1824;57.8798;24.9175;20.0000;0.1859;911.4800;900.5290;23.6000;1.4823;1.7928;0.3000;0.3000;89.3627;3.2593;2.4475;441.1000;440.2060;440.1870;44.7891;20.0732;7597.9000;4.9984;2.5003;440.1910;60.0363;603.5060;0.8139;426.3600;455.8400;46.3428;3.2159;557.7670;171.6580;14.5681;1496.2200;2499.8600;38.2805;1962.4500;0.9000;1239.2600;374.5150
40.2662;900.4960;391.7760;54.1632;13.5216;0.9256;2043.3700;58.8316;58.8475;82.4881;77.2201;82.7436;31.4018;1.9670;2.5732;1.8601;0.4000;30.6264;3.0471;50.0117;56.9210;49.4727;4.6620;4.0795;3.1232;19.9726;0.9561;9.9688;9.4937;86.5762;323.4930;236.8920;0.4751;75.8778;50.8381;346.9040;310.8110;325.9740;330.0630;331.7750;332.0200;333.4820;332.7170;2.7968;2.1824;57.8821;24.7539;20.0000;0.1859;911.3640;900.4970;23.6000;1.4823;1.7928;0.3000;0.3000;90.0504;3.0471;2.5044;441.1000;440.1850;440.1600;44.8490;20.0725;7597.6700;4.9984;2.5003;440.1600;60.0347;598.9250;0.8091;426.3600;455.8400;46.2946;3.1483;557.4630;170.1930;14.2947;1495.4500;2499.2700;38.2937;1961.5300;0.9000;1239.2600;369.4450
40.2755;900.4960;392.4760;54.1879;13.4661;0.9215;2038.4100;58.8241;58.8398;82.5633;77.3238;82.8340;31.4517;1.9669;2.5732;1.8601;0.4000;30.6300;3.1753;50.0117;56.9098;49.4684;4.6620;4.0791;3.1230;19.9726;0.9561;9.9688;9.4937;86.5960;323.4670;236.8650;0.4751;75.6765;51.1678;346.4860;310.5730;325.0080;329.1150;330.8220;331.0810;332.5400;331.7650;2.7968;2.1824;57.8830;24.7704;20.0000;0.1859;911.3110;900.4970;23.6000;1.4823;1.7928;0.3000;0.3000;89.6333;3.1753;2.4688;441.1000;440.1850;440.1600;44.8330;20.0702;7596.9100;4.9984;2.5003;440.1600;60.0312;598.9870;0.8095;426.3600;455.8400;46.2587;3.1546;557.4300;170.2300;14.3167;1495.3500;2499.1900;38.2971;1961.4900;0.9000;1239.2600;369.6880
40.3763;900.4140;392.1170;54.3091;13.4560;0.9208;2037.4600;58.8199;58.8358;82.5751;77.1721;82.8421;32.0145;1.9667;2.5730;1.8598;0.4000;30.6412;3.3627;50.0117;56.9023;49.4647;4.6620;4.0791;3.1230;19.9702;0.9560;9.9688;9.4937;86.5476;323.4670;236.9020;0.4750;75.6549;51.4412;346.5690;310.6720;324.4440;328.5860;330.2760;330.5440;332.0100;331.2190;2.7966;2.1824;57.8826;24.9294;20.0000;0.1859;911.3110;900.4260;23.6000;1.4823;1.7928;0.3000;0.3000;89.0312;3.3627;2.4189;441.1000;440.1850;440.1520;45.0087;20.0935;7604.7300;4.9984;2.5003;440.1490;60.0312;600.9770;0.8091;426.3600;455.8400;46.2202;3.1438;557.6480;170.5630;14.3056;1495.9600;2499.9200;38.2822;1962.3600;0.9000;1239.2600;370.6890
40.7269;900.3750;397.3310;54.8008;13.5386;0.9270;2045.0100;58.8199;58.8358;82.5384;77.1190;82.7867;31.8683;1.9667;2.5727;1.8598;0.4000;30.6344;3.2341;50.0117;56.8941;49.4647;4.6616;4.0791;3.1228;19.9687;0.9559;9.9688;9.4937;87.3937;323.4400;236.0460;0.4750;76.0172;51.5868;347.8870;311.6700;324.4940;328.6540;330.3410;330.6080;332.0610;331.2790;2.7966;2.1824;57.8826;24.8868;20.0000;0.1859;911.3150;900.4260;23.6000;1.4823;1.7928;0.3000;0.3000;89.4424;3.2341;2.4539;441.1000;440.1880;440.1870;45.0140;20.1024;7607.7100;4.9984;2.5003;440.1870;60.0262;605.3400;0.8129;426.3600;455.8400;46.2197;3.2209;558.1260;172.0170;14.4965;1497.5300;2501.5000;38.2612;1964.1400;0.9000;1239.2600;375.1900
40.5459;900.4460;396.0260;54.5484;13.5788;0.9299;2048.6300;58.8201;58.8358;82.5405;77.1917;82.7895;31.6815;1.9668;2.5728;1.8599;0.4000;30.6330;3.2078;50.0117;56.8941;49.4652;4.6616;4.0791;3.1231;19.9688;0.9560;9.9688;9.4937;87.2439;323.4400;236.2180;0.4751;76.1683;51.4877;348.2650;311.9160;324.9860;329.1440;330.8380;331.1390;332.5720;331.7850;2.7966;2.1824;57.8826;24.8297;20.0000;0.1859;911.3150;900.4410;23.6000;1.4823;1.7928;0.3000;0.3000;89.5283;3.2078;2.4606;441.1000;440.1880;440.1780;44.8278;20.0693;7596.6200;4.9984;2.5003;440.1770;60.0283;601.7510;0.8130;426.3600;455.8400;46.2222;3.1852;557.4360;171.0220;14.4535;1495.3400;2499.2500;38.2973;1961.3200;0.9000;1239.2600;372.9610
40.8884;900.4010;400.0010;55.0237;13.6132;0.9325;2051.7700;58.8201;58.8358;82.5733;77.1859;82.8204;31.8246;1.9667;2.5728;1.8599;0.4000;30.6355;3.2921;50.0117;56.8941;49.4652;4.6616;4.0791;3.1228;19.9686;0.9560;9.9687;9.4937;87.8372;323.4410;235.6040;0.4750;76.3153;51.4150;348.7300;312.2520;325.2900;329.4440;331.1070;331.4800;332.8690;332.0810;2.7966;2.1824;57.8826;24.8650;20.0000;0.1859;911.3780;900.4240;23.6000;1.4823;1.7928;0.3000;0.3000;89.2540;3.2921;2.4376;441.1000;440.1940;440.1900;44.9687;20.0938;7604.8200;4.9984;2.5003;440.1870;60.0282;606.6820;0.8156;426.3600;455.8400;46.2348;3.2379;557.9750;172.4670;14.6006;1497.1200;2501.0100;38.2710;1963.5200;0.9000;1239.2600;377.2680
40.5967;900.4460;396.8310;54.6198;13.6182;0.9328;2052.1900;58.8201;58.8358;82.5690;77.1089;82.8109;32.0287;1.9667;2.5728;1.8599;0.4000;30.6426;3.3440;50.0117;56.8952;49.4652;4.6617;4.0792;3.1231;19.9689;0.9561;9.9687;9.4937;87.4215;323.4690;236.0480;0.4751;76.3175;51.2729;348.6200;312.1400;325.6270;329.7570;331.4080;331.8550;333.1930;332.3810;2.7967;2.1824;57.8826;24.9191;20.0000;0.1859;911.3780;900.4410;23.6000;1.4823;1.7928;0.3000;0.3000;89.0872;3.3440;2.4241;441.1000;440.1940;440.1740;44.8580;20.0758;7598.4200;4.9984;2.5003;440.1870;60.0313;602.6230;0.8132;426.3600;455.8400;46.2383;3.1938;557.5510;171.2740;14.4809;1495.6800;2499.6600;38.2900;1961.7900;0.9000;1239.2600;373.6150
40.7580;900.4320;397.0540;54.8323;13.5769;0.9298;2048.4200;58.8161;58.8320;82.5186;77.1344;82.7654;31.7209;1.9667;2.5728;1.8599;0.4000;30.6306;3.1739;50.0117;56.8952;49.4652;4.6617;4.0790;3.1230;19.9689;0.9560;9.9687;9.4937;87.3531;323.4680;236.0950;0.4751;76.1411;51.2017;348.0250;311.6960;325.5520;329.6740;331.3060;331.8340;333.0870;332.3100;2.7966;2.1824;57.8826;24.8337;20.0000;0.1859;911.3750;900.4320;23.6000;1.4823;1.7928;0.3000;0.3000;89.6383;3.1739;2.4702;441.1000;440.1850;440.1710;45.1054;20.1168;7612.5500;4.9984;2.5003;440.1710;60.0312;606.3140;0.8122;426.3600;455.8400;46.2337;3.2200;558.4440;172.2310;14.4803;1498.2600;2502.2300;38.2454;1965.1700;0.9000;1239.2600;375.4570
41.0424;900.4320;400.1050;55.2225;13.6223;0.9332;2052.5700;58.8166;58.8327;82.5676;77.2236;82.8137;31.6257;1.9667;2.5728;1.8599;0.4000;30.6291;3.2191;50.0117;56.8984;49.4652;4.6616;4.0790;3.1230;19.9689;0.9560;9.9687;9.4937;87.8575;323.4680;235.5840;0.4750;76.3436;51.2544;348.7410;312.2380;325.5670;329.6920;331.3220;331.9150;333.1290;332.3490;2.7966;2.1824;57.8826;24.8090;20.0000;0.1859;911.3750;900.4320;23.6000;1.4823;1.7928;0.3000;0.3000;89.4905;3.2191;2.4571;441.1000;440.1860;440.1660;45.3405;20.1595;7626.8300;4.9984;2.5003;440.1710;60.0266;611.5080;0.8128;426.3600;455.8400;46.2554;3.2741;559.4970;173.7260;14.5794;1501.1200;2505.2300;38.1926;1968.9500;0.9000;1239.2600;378.9200
41.5186;900.3840;407.7820;55.8889;13.7837;0.9453;2067.2700;58.8360;58.8524;82.6365;77.0996;82.8619;32.2340;1.9665;2.5728;1.8597;0.4000;30.6473;3.4990;50.0091;56.9109;49.4690;4.6612;4.0787;3.1226;19.9685;0.9559;9.9687;9.4937;89.1339;323.4380;234.3070;0.4750;77.0346;51.1985;350.9540;313.8500;326.3600;330.4510;332.1470;332.7150;333.9170;333.1250;2.7964;2.1824;57.8790;24.9810;20.0000;0.1859;911.5120;900.3800;23.6000;1.4823;1.7928;0.3000;0.3000;88.5829;3.4990;2.3813;441.1000;440.2040;440.2040;45.4662;20.1853;7635.4800;4.9984;2.5003;440.2010;60.0242;618.1160;0.8170;426.3600;455.8400;46.3389;3.3587;560.1610;175.6500;14.8398;1503.0200;2507.2500;38.1605;1971.2800;0.9000;1239.2600;385.0600
43.7802;900.1060;431.5400;58.9932;14.0716;0.9671;2093.5100;58.8769;58.8923;82.6456;76.9241;82.8204;32.5139;1.9658;2.5716;1.8590;0.4000;30.6368;3.5284;50.0091;56.9330;49.4769;4.6595;4.0768;3.1214;19.9603;0.9557;9.9678;9.4924;92.9398;323.3230;230.3830;0.4749;78.2976;50.9904;354.9680;316.7690;327.7510;331.8380;333.5870;334.1370;335.3080;334.5120;2.7957;2.1821;57.8787;25.0589;20.0000;0.1859;911.8990;900.1220;23.6000;1.4823;1.7928;0.3000;0.3000;88.4830;3.5284;2.3734;441.1000;440.2340;440.5670;46.8391;20.4752;7732.2600;4.9984;2.5003;440.5510;60.0071;656.6100;0.8242;426.3600;455.8400;46.5607;3.8712;567.7800;186.8170;15.5669;1525.2700;2529.9100;37.8104;1998.7400;0.9000;1239.2600;412.9350
45.1675;900.3360;457.4660;60.9323;14.7268;1.0158;2153.1600;58.9599;58.9759;82.7990;76.7555;82.8682;33.1558;1.9658;2.5716;1.8590;0.4000;30.6604;3.9040;50.0091;57.0005;49.4977;4.6600;4.0775;3.1215;19.9637;0.9560;9.9670;9.4918;97.3898;323.3780;225.9880;0.4750;81.1138;50.2586;363.1510;322.5110;331.6820;335.8340;337.6200;338.1760;339.3390;338.5030;2.7960;2.1822;57.8709;25.2402;20.0000;0.1858;912.4040;900.2680;23.6000;1.4823;1.7928;0.3000;0.3000;87.2669;3.9040;2.2708;441.1000;440.2590;440.2280;47.6841;20.5803;7767.2200;4.9984;2.5003;440.2230;60.0224;678.1570;0.8335;426.3600;455.8400;47.0320;4.0847;569.7190;192.8050;16.4758;1528.8700;2533.9300;37.6935;2005.0600;0.9000;1239.2600;431.0010
43.1116;900.6820;431.1660;58.0661;14.7079;1.0137;2150.9400;58.9940;59.0119;82.6809;76.4050;82.7427;33.9702;1.9666;2.5726;1.8598;0.4000;30.6958;4.0553;50.0091;57.0782;49.5245;4.6627;4.0797;3.1235;19.9787;0.9562;9.9670;9.4920;93.7699;323.5510;229.7850;0.4752;80.8481;48.5883;361.1230;320.7270;335.0670;339.2750;341.0770;341.6620;342.8050;341.9490;2.7973;2.1826;57.8716;25.4706;20.0000;0.1858;912.2370;900.6310;23.6000;1.4823;1.7928;0.3000;0.3000;86.7888;4.0553;2.2339;441.1000;440.2450;440.1900;46.3509;20.3457;7689.1200;4.9984;2.5003;440.1900;60.0447;643.8530;0.8245;426.3600;455.8400;47.2688;3.6571;564.3890;183.1510;15.6050;1513.8600;2518.0300;37.9524;1985.5200;0.9000;1239.2600;404.7510
42.8261;900.5540;425.3090;57.6920;14.3580;0.9878;2119.2200;59.0228;59.0388;82.4228;76.7182;82.5470;31.9890;1.9669;2.5730;1.8601;0.4000;30.6290;3.0309;50.0077;57.1226;49.5360;4.6620;4.0790;3.1230;19.9806;0.9560;9.9670;9.4922;92.2576;323.5300;231.2480;0.4751;79.3065;47.8946;356.0690;317.0290;334.5910;338.8220;340.6330;341.2210;342.3470;341.4920;2.7969;2.1826;57.8797;24.9385;20.0000;0.1859;912.0540;900.5550;23.6000;1.4823;1.7928;0.3000;0.3000;90.1044;3.0309;2.5105;441.1000;440.2450;440.1900;46.2062;20.3174;7679.6600;4.9984;2.5003;440.1900;60.0384;639.2260;0.8234;426.3600;455.8400;47.3519;3.5933;563.5550;181.6850;15.4081;1511.8700;2516.1600;37.9923;1982.8500;0.9000;1239.2600;401.3230
43.2166;900.3590;426.2970;58.2137;14.2458;0.9796;2109.0700;59.0568;59.0727;82.6324;77.2756;82.7948;31.3189;1.9668;2.5729;1.8599;0.4000;30.6248;3.1647;50.0077;57.1476;49.5351;4.6608;4.0782;3.1224;19.9818;0.9558;9.9670;9.4922;92.2284;323.4560;231.2280;0.4750;78.8734;48.1700;354.9360;316.2590;333.2620;337.4910;339.2820;339.8920;341.0180;340.1410;2.7965;2.1826;57.8823;24.7771;20.0000;0.1859;912.0030;900.3880;23.6000;1.4823;1.7928;0.3000;0.3000;89.6663;3.1647;2.4702;441.1000;440.2450;440.2360;46.5765;20.3827;7701.4500;4.9984;2.5003;440.2380;60.0240;646.1660;0.8236;426.3600;455.8400;47.4149;3.6583;564.9960;183.4800;15.4369;1516.1300;2520.6500;37.9249;1988.3300;0.9000;1239.2600;405.7930
43.6416;900.3810;434.7030;58.8213;14.3924;0.9906;2122.4900;59.1111;59.1271;82.8449;76.8650;82.9757;33.5504;1.9662;2.5722;1.8594;0.4000;30.6856;4.1530;50.0078;57.1776;49.5316;4.6605;4.0781;3.1222;19.9818;0.9558;9.9670;9.4922;93.6327;323.4380;229.8210;0.4750;79.5616;48.5118;357.2350;318.0000;332.9730;337.2290;338.9980;339.6350;340.7610;339.8520;2.7964;2.1824;57.8823;25.4249;20.0000;0.1859;912.1270;900.3770;23.6000;1.4823;1.7928;0.3000;0.3000;86.4659;4.1530;2.2041;441.1000;440.2450;440.2360;46.7493;20.4152;7712.2800;4.9984;2.5003;440.2380;60.0235;652.8420;0.8266;426.3600;455.8400;47.5494;3.7464;565.8250;185.5100;15.7134;1518.3500;2522.9800;37.8866;1991.1800;0.9000;1239.2600;411.4410
42.7045;900.6940;430.7040;57.5838;14.4590;0.9953;2128.6000;59.1552;59.1712;82.5970;76.3937;82.6969;33.8400;1.9667;2.5728;1.8598;0.4000;30.6823;3.8292;50.0078;57.2133;49.5438;4.6621;4.0793;3.1231;19.9886;0.9562;9.9670;9.4922;93.1712;323.5510;230.3790;0.4752;79.8361;48.3086;357.8550;318.3960;333.5650;337.8530;339.6090;340.2920;341.4120;340.4670;2.7971;2.1824;57.8823;25.5211;20.0000;0.1859;912.1180;900.6350;23.6000;1.4823;1.7928;0.3000;0.3000;87.5199;3.8292;2.2955;441.1000;440.2450;440.0170;46.3559;20.3019;7674.4900;4.9984;2.5003;439.9820;60.0437;637.7420;0.8237;426.3600;455.8400;47.6689;3.6828;562.7300;181.1210;15.6084;1508.7900;2512.9900;38.0239;1979.6200;0.9000;1239.2600;400.3380
42.8512;900.5010;425.8600;57.7392;14.3051;0.9839;2114.4800;59.1734;59.1914;82.4376;76.7841;82.5640;31.9493;1.9668;2.5730;1.8600;0.4000;30.6248;3.0116;50.0078;57.2315;49.5480;4.6610;4.0785;3.1226;19.9864;0.9559;9.9670;9.4922;92.2887;323.4960;231.1960;0.4751;79.1701;48.1536;355.6600;316.7920;333.2150;337.5190;339.2620;339.9560;341.0860;340.1270;2.7968;2.1824;57.8823;25.0023;20.0000;0.1859;912.0570;900.4980;23.6000;1.4823;1.7928;0.3000;0.3000;90.1662;3.0116;2.5153;441.1000;440.2170;440.2050;46.4806;20.3672;7696.7300;4.9984;2.5003;440.2020;60.0319;642.2220;0.8205;426.3600;455.8400;47.7041;3.6294;564.7650;182.5440;15.3976;1515.1600;2519.5600;37.9339;1987.2300;0.9000;1239.2600;401.7510
42.6836;900.4690;421.8820;57.4989;14.2045;0.9764;2105.3200;59.1943;59.2104;82.6693;77.2091;82.8326;31.8367;1.9668;2.5730;1.8600;0.4000;30.6405;3.3687;50.0078;57.2416;49.5480;4.6610;4.0785;3.1226;19.9878;0.9558;9.9670;9.4922;91.6046;323.4960;231.8770;0.4751;78.7649;48.3949;354.4810;315.9780;332.3740;336.6820;338.3940;339.1160;340.2400;339.2790;2.7968;2.1824;57.8821;24.9747;20.0000;0.1859;911.9460;900.4600;23.6000;1.4823;1.7928;0.3000;0.3000;89.0058;3.3687;2.4154;441.1000;440.2170;440.1430;46.6492;20.3955;7705.7500;4.9984;2.5003;440.1570;60.0311;641.8240;0.8168;426.3600;455.8400;47.7152;3.5914;565.3070;182.3870;15.2635;1516.4500;2521.0200;37.9032;1989.2100;0.9000;1239.2600;399.6520
42.5441;900.4650;421.5960;57.3177;14.1604;0.9732;2101.3900;59.2155;59.2312;82.7379;76.8255;82.8970;33.4422;1.9664;2.5725;1.8596;0.4000;30.6798;3.9657;50.0078;57.2463;49.5468;4.6610;4.0785;3.1225;19.9879;0.9558;9.9677;9.4922;91.5065;323.4960;231.9700;0.4752;78.6153;48.7003;354.1770;315.8110;331.6160;335.8990;337.5880;338.3280;339.4590;338.5050;2.7968;2.1824;57.8826;25.4235;20.0000;0.1859;911.9350;900.4570;23.6000;1.4823;1.7928;0.3000;0.3000;87.0738;3.9657;2.2560;441.1000;440.2170;440.2180;46.2945;20.3331;7684.9100;4.9984;2.5003;440.2020;60.0313;637.0140;0.8192;426.3600;455.8400;47.7193;3.5687;563.8590;181.0380;15.2555;1512.8400;2517.1900;37.9771;1984.1100;0.9000;1239.2600;397.9070
40.9362;900.5810;400.2370;55.0907;13.8198;0.9476;2070.3400;59.1953;59.2108;82.4072;76.6927;82.6037;32.6187;1.9670;2.5732;1.8601;0.4000;30.6458;3.2272;50.0078;57.2372;49.5468;4.6616;4.0789;3.1230;19.9909;0.9559;9.9686;9.4931;88.1523;323.5120;235.3590;0.4752;77.1463;48.8009;349.4230;312.3500;330.1640;334.3810;336.0550;336.8010;337.9410;337.0220;2.7970;2.1825;57.8832;25.1964;20.0000;0.1859;911.5860;900.5740;23.6000;1.4823;1.7928;0.3000;0.3000;89.4694;3.2272;2.4588;441.1000;440.1890;440.1310;45.1997;20.1244;7615.0700;4.9984;2.5003;440.1340;60.0387;608.9250;0.8140;426.3600;455.8400;47.5768;3.2303;558.3720;172.8150;14.5925;1497.6200;2501.4500;38.2461;1964.5400;0.9000;1239.2600;377.8630
41.1436;900.4930;402.4880;55.3961;13.6786;0.9373;2057.6600;59.1872;59.2025;82.4370;77.3777;82.6754;30.5541;1.9671;2.5733;1.8603;0.4000;30.5975;2.6494;50.0078;57.2083;49.5348;4.6611;4.0786;3.1225;19.9881;0.9558;9.9686;9.4932;88.2526;323.4680;235.2070;0.4752;76.6277;49.5418;348.2730;311.6570;328.0270;332.1860;333.8560;334.5900;335.7400;334.8480;2.7966;2.1825;57.8832;24.6154;20.0000;0.1859;911.5570;900.4940;23.6000;1.4823;1.7928;0.3000;0.3000;91.3412;2.6494;2.6112;441.1000;440.1890;440.1590;45.2963;20.1502;7623.7300;4.9984;2.5003;440.1610;60.0309;612.4970;0.8149;426.3600;455.8400;47.4210;3.2829;559.1780;173.9080;14.6723;1500.1000;2504.1200;38.2074;1967.6800;0.9000;1239.2600;380.5350
41.3989;900.4240;406.4210;55.7389;13.7441;0.9423;2063.6600;59.1793;59.1951;82.7754;77.3943;83.0097;32.1400;1.9666;2.5727;1.8597;0.4000;30.6546;3.6636;50.0078;57.1830;49.5231;4.6611;4.0782;3.1223;19.9842;0.9558;9.9686;9.4932;88.8904;323.4680;234.5610;0.4752;76.9633;50.2786;349.7510;312.8470;327.1460;331.2770;332.9600;333.6810;334.8110;333.9310;2.7966;2.1825;57.8821;25.0549;20.0000;0.1859;911.5570;900.4290;23.6000;1.4823;1.7928;0.3000;0.3000;88.0486;3.6636;2.3348;441.1000;440.1890;440.1900;45.3905;20.1707;7630.3500;4.9984;2.5003;440.1900;60.0274;616.2230;0.8167;426.3600;455.8400;47.3215;3.3382;559.8310;175.1100;14.7950;1502.0600;2506.0500;38.1792;1970.0600;0.9000;1239.2600;383.7020
40.6538;900.5690;399.8080;54.7244;13.7445;0.9422;2063.6800;59.1633;59.1785;82.6333;76.7232;82.8425;33.6055;1.9665;2.5725;1.8596;0.4000;30.6823;3.8937;50.0078;57.1670;49.5231;4.6617;4.0786;3.1228;19.9844;0.9560;9.9686;9.4932;88.1031;323.5010;235.3980;0.4753;76.9581;50.4099;349.7270;312.8280;327.0830;331.2770;332.9320;333.6230;334.7790;333.8920;2.7969;2.1825;57.8821;25.4501;20.0000;0.1859;911.5620;900.5630;23.6000;1.4823;1.7928;0.3000;0.3000;87.3096;3.8937;2.2773;441.1000;440.1890;440.1410;44.9649;20.0950;7605.2400;4.9984;2.5003;440.1410;60.0365;604.7410;0.8126;426.3600;455.8400;47.2312;3.2316;558.1150;171.9420;14.5757;1497.0200;2500.8100;38.2604;1963.6400;0.9000;1239.2600;374.6130
40.3621;900.5580;393.9660;54.3073;13.5782;0.9298;2048.5200;59.1316;59.1440;82.3305;76.9086;82.5701;31.6222;1.9671;2.5733;1.8601;0.4000;30.6167;2.8176;50.0078;57.1387;49.5190;4.6616;4.0786;3.1228;19.9841;0.9560;9.9688;9.4932;86.9671;323.5000;236.5150;0.4752;76.2495;50.4550;347.4490;311.1650;326.3380;330.5470;332.1800;332.8000;334.0110;333.1180;2.7969;2.1825;57.8828;24.8845;20.0000;0.1859;911.3730;900.5610;23.6000;1.4823;1.7928;0.3000;0.3000;90.7972;2.8176;2.5689;441.1000;440.1870;440.1570;44.8444;20.0735;7597.6200;4.9984;2.5003;440.1570;60.0351;600.1110;0.8104;426.3600;455.8400;47.0934;3.1669;557.4900;170.5600;14.3714;1495.4900;2499.4100;38.2892;1961.5700;0.9000;1239.2600;370.7810
40.1529;900.5580;391.4310;54.0262;13.4756;0.9222;2039.2600;59.0972;59.1122;82.5344;77.6388;82.8075;30.3505;1.9672;2.5735;1.8603;0.4000;30.6047;2.7892;50.0078;57.1040;49.5070;4.6616;4.0786;3.1228;19.9824;0.9560;9.9688;9.4932;86.5023;323.5000;236.9690;0.4752;75.8437;50.9052;346.3980;310.4630;325.1990;329.4220;331.0320;331.6110;332.8370;331.9610;2.7969;2.1825;57.8829;24.5137;20.0000;0.1859;911.3120;900.4980;23.6000;1.4823;1.7928;0.3000;0.3000;90.8866;2.7892;2.5718;441.1000;440.1870;440.1570;44.6627;20.0400;7586.7500;4.9984;2.5003;440.1570;60.0351;596.1930;0.8102;426.3600;455.8400;46.9337;3.1257;556.7500;169.4700;14.2939;1493.4000;2497.1500;38.3322;1958.8300;0.9000;1239.2600;368.2410
40.5300;900.4210;393.3220;54.5232;13.4464;0.9201;2036.6100;59.0621;59.0770;82.7257;77.2661;82.9949;32.5312;1.9664;2.5724;1.8596;0.4000;30.6617;3.7489;50.0056;57.0686;49.4958;4.6610;4.0786;3.1225;19.9784;0.9558;9.9688;9.4932;86.7444;323.4360;236.6870;0.4752;75.7512;51.3648;346.4000;310.5390;324.3680;328.6230;330.1850;330.7530;331.9750;331.1070;2.7965;2.1825;57.8820;25.1147;20.0000;0.1859;911.3120;900.4350;23.6000;1.4823;1.7928;0.3000;0.3000;87.7733;3.7489;2.3132;441.1000;440.1880;440.1980;44.8589;20.0753;7598.6200;4.9984;2.5003;440.1950;60.0265;601.6100;0.8124;426.3600;455.8400;46.8100;3.1760;557.4560;170.9470;14.3700;1495.8000;2499.6200;38.2959;1961.7500;0.9000;1239.2600;372.6220
40.6334;900.4210;396.6260;54.6695;13.5352;0.9267;2044.7000;59.0419;59.0569;82.5191;76.8189;82.7582;32.8161;1.9665;2.5725;1.8597;0.4000;30.6527;3.4845;50.0056;57.0467;49.4921;4.6611;4.0786;3.1226;19.9784;0.9559;9.9687;9.4932;87.2712;323.4390;236.1740;0.4752;76.1338;51.5267;347.7930;311.5930;324.4260;328.7080;330.2400;330.8010;332.0320;331.1490;2.7965;2.1825;57.8820;25.1843;20.0000;0.1859;911.3150;900.4350;23.6000;1.4823;1.7928;0.3000;0.3000;88.6323;3.4845;2.3879;441.1000;440.1880;440.1870;44.8820;20.0787;7599.6200;4.9984;2.5003;440.1860;60.0274;603.1390;0.8134;426.3600;455.8400;46.7280;3.1976;557.5700;171.3920;14.4768;1495.9500;2499.8600;38.2917;1962.1200;0.9000;1239.2600;374.0550
40.8480;900.4210;398.7370;54.9619;13.5896;0.9308;2049.6200;59.0187;59.0337;82.4221;77.1594;82.6628;31.1532;1.9668;2.5730;1.8600;0.4000;30.6092;2.8305;50.0056;57.0304;49.4921;4.6612;4.0785;3.1226;19.9764;0.9559;9.9687;9.4932;87.6249;323.4380;235.8150;0.4751;76.3503;51.4627;348.4630;312.0680;324.8260;329.1330;330.6680;331.2280;332.4440;331.5450;2.7965;2.1824;57.8820;24.7094;20.0000;0.1859;911.3790;900.4350;23.6000;1.4823;1.7928;0.3000;0.3000;90.7527;2.8305;2.5634;441.1000;440.2010;440.1680;45.1208;20.1224;7614.4300;4.9984;2.5003;440.1690;60.0266;607.6410;0.8130;426.3600;455.8400;46.6835;3.2431;558.6460;172.6590;14.5445;1498.8000;2502.8100;38.2349;1965.9100;0.9000;1239.2600;376.6140
41.1662;900.3940;403.9190;55.4076;13.7072;0.9396;2060.3300;59.0076;59.0227;82.6688;77.4162;82.9058;31.4601;1.9668;2.5730;1.8600;0.4000;30.6335;3.3155;50.0056;57.0193;49.4921;4.6612;4.0785;3.1226;19.9745;0.9559;9.9687;9.4932;88.5013;323.4420;234.9530;0.4751;76.8394;51.4090;350.0230;313.1960;325.5520;329.8830;331.4660;332.0210;333.2130;332.3060;2.7965;2.1824;57.8791;24.7861;20.0000;0.1859;911.4480;900.3770;23.6000;1.4823;1.7928;0.3000;0.3000;89.1770;3.3155;2.4293;441.1000;440.1940;440.1780;45.3271;20.1600;7627.0200;4.9984;2.5003;440.1770;60.0274;613.1550;0.8144;426.3600;455.8400;46.6799;3.3094;559.5990;174.2650;14.7038;1501.3700;2505.4200;38.1883;1969.2200;0.9000;1239.2600;380.7000
40.8507;900.4430;400.0510;54.9645;13.7115;0.9398;2060.6500;58.9903;59.0038;82.6657;76.9492;82.8875;32.9808;1.9666;2.5727;1.8597;0.4000;30.6703;3.7857;50.0056;57.0193;49.4921;4.6616;4.0787;3.1229;19.9747;0.9560;9.9687;9.4933;87.9865;323.4710;235.4860;0.4751;76.8185;51.1154;349.7520;312.9380;326.1980;330.5630;332.1670;332.7190;333.8920;332.9820;2.7967;2.1824;57.8794;25.2035;20.0000;0.1859;911.4480;900.4390;23.6000;1.4823;1.7928;0.3000;0.3000;87.6570;3.7857;2.3050;441.1000;440.1930;440.1870;45.0781;20.1158;7612.2000;4.9984;2.5003;440.1660;60.0330;607.4600;0.8134;426.3600;455.8400;46.6700;3.2473;558.5730;172.6590;14.5759;1498.5200;2502.4100;38.2396;1965.4700;0.9000;1239.2600;376.7150
40.7966;900.4430;399.0220;54.8922;13.6517;0.9353;2055.2200;58.9717;58.9880;82.4268;76.9016;82.6524;31.9709;1.9668;2.5728;1.8599;0.4000;30.6298;3.0877;50.0039;57.0113;49.4921;4.6616;4.0787;3.1229;19.9747;0.9560;9.9687;9.4933;87.7342;323.4690;235.7200;0.4751;76.5489;50.9111;348.8270;312.2420;326.1510;330.5580;332.1830;332.7040;333.8730;332.9300;2.7967;2.1824;57.8794;24.9202;20.0000;0.1859;911.4350;900.4390;23.6000;1.4823;1.7928;0.3000;0.3000;89.9193;3.0877;2.4951;441.1000;440.1930;440.1870;45.0498;20.1091;7609.9600;4.9984;2.5003;440.1660;60.0312;606.5550;0.8133;426.3600;455.8400;46.6374;3.2343;558.3640;172.3650;14.5429;1497.9700;2501.9700;38.2502;1964.7500;0.9000;1239.2600;376.0540
41.0997;900.4340;401.4950;55.3108;13.6495;0.9352;2055.0400;58.9605;58.9755;82.5131;77.3739;82.7557;30.8605;1.9669;2.5731;1.8600;0.4000;30.6099;2.8964;50.0039;56.9998;49.4882;4.6616;4.0786;3.1228;19.9745;0.9559;9.9687;9.4933;88.0734;323.4690;235.3690;0.4750;76.5451;50.9768;348.9000;312.3120;325.9350;330.4000;331.9920;332.5230;333.6850;332.7340;2.7966;2.1824;57.8794;24.6098;20.0000;0.1859;911.4420;900.4250;23.6000;1.4823;1.7928;0.3000;0.3000;90.5377;2.8964;2.5439;441.1000;440.1930;440.1920;45.1363;20.1245;7615.1200;4.9984;2.5003;440.1970;60.0269;610.4150;0.8160;426.3600;455.8400;46.6167;3.2745;558.6920;173.4450;14.6449;1499.0700;2503.0400;38.2353;1966.0800;0.9000;1239.2600;379.7950
41.1045;900.4380;402.8490;55.3190;13.7089;0.9396;2060.4400;58.9567;58.9726;82.7120;77.2317;82.9399;32.2858;1.9666;2.5727;1.8597;0.4000;30.6562;3.6422;50.0039;56.9998;49.4882;4.6616;4.0786;3.1228;19.9745;0.9559;9.9687;9.4933;88.3377;323.4690;235.1220;0.4750;76.7932;51.0304;349.7300;312.9230;326.1280;330.6420;332.2280;332.7660;333.9060;332.9500;2.7966;2.1824;57.8794;25.0129;20.0000;0.1859;911.4420;900.4400;23.6000;1.4823;1.7928;0.3000;0.3000;88.1192;3.6422;2.3418;441.1000;440.1930;440.1870;45.1047;20.1190;7613.4500;4.9984;2.5003;440.1870;60.0275;610.3110;0.8164;426.3600;455.8400;46.6131;3.2739;558.6210;173.4370;14.6847;1498.6200;2502.7400;38.2383;1965.6000;0.9000;1239.2600;379.8900
41.0973;900.4380;402.7460;55.3045;13.7217;0.9406;2061.5300;58.9488;58.9648;82.5683;76.8232;82.7848;32.8810;1.9665;2.5725;1.8596;0.4000;30.6588;3.5846;50.0039;56.9960;49.4882;4.6616;4.0786;3.1228;19.9745;0.9559;9.9687;9.4933;88.3354;323.4690;235.1260;0.4750;76.8289;50.8943;349.8090;312.9620;326.3900;330.8860;332.4690;333.0470;334.1910;333.2020;2.7966;2.1824;57.8794;25.1796;20.0000;0.1859;911.4420;900.4400;23.6000;1.4823;1.7928;0.3000;0.3000;88.3080;3.5846;2.3604;441.1000;440.1930;440.1870;45.0963;20.1172;7612.8900;4.9984;2.5003;440.1870;60.0275;610.1210;0.8164;426.3600;455.8400;46.6092;3.2721;558.5580;173.3840;14.6816;1498.6200;2502.4800;38.2383;1965.4800;0.9000;1239.2600;379.7880
40.4868;900.5090;396.8120;54.4821;13.6642;0.9362;2056.3700;58.9369;58.9520;82.4327;77.0792;82.6631;31.4152;1.9671;2.5733;1.8601;0.4000;30.6211;2.9335;50.0039;56.9960;49.4883;4.6616;4.0792;3.1231;19.9748;0.9561;9.9687;9.4933;87.5215;323.4710;235.9730;0.4750;76.5677;50.7597;348.8520;312.2330;326.3640;330.8570;332.4120;333.0580;334.1860;333.1440;2.7966;2.1824;57.8794;24.7709;20.0000;0.1859;911.4300;900.5260;23.6000;1.4823;1.7928;0.3000;0.3000;90.4200;2.9335;2.5359;441.1000;440.1900;440.1740;44.8154;20.0736;7598.0400;4.9984;2.5003;440.1730;60.0359;601.6790;0.8118;426.3600;455.8400;46.5824;3.2004;557.6380;171.0520;14.4776;1495.8800;2499.6400;38.2860;1962.0300;0.9000;1239.2600;372.4090
40.5771;900.4910;396.2090;54.5987;13.5755;0.9297;2048.3100;58.9255;58.9421;82.5652;77.3869;82.8200;31.1752;1.9670;2.5732;1.8601;0.4000;30.6237;3.0852;50.0039;56.9843;49.4882;4.6616;4.0791;3.1230;19.9761;0.9560;9.9688;9.4933;87.2547;323.4690;236.2100;0.4749;76.2008;50.8962;347.7820;311.4720;325.7200;330.2420;331.7500;332.4610;333.5520;332.4990;2.7966;2.1825;57.8794;24.7044;20.0000;0.1859;911.4300;900.4940;23.6000;1.4823;1.7928;0.3000;0.3000;89.9255;3.0852;2.4926;441.1000;440.1810;440.1660;45.0357;20.1079;7609.3000;4.9984;2.5003;440.1660;60.0316;604.1250;0.8107;426.3600;455.8400;46.5415;3.2101;558.3480;171.6940;14.4386;1497.8900;2501.7700;38.2514;1964.6100;0.9000;1239.2600;373.3890